index,s_m,phase,theta_deg,x_m,y_m,z_m,rx,ry,rz,pivot_x_m,pivot_y_m,pivot_z_m
0,0.000000,0.0000,0.0000,0.500000,-0.300000,0.580000,-0.072000,0.139000,-1.612000,0.501982,-0.300678,0.594853
1,0.000403,0.0504,2.4194,0.499375,-0.299597,0.580097,-0.106076,0.171630,-1.611042,0.501982,-0.300275,0.594853
2,0.000806,0.1008,4.8387,0.498754,-0.299194,0.580220,-0.140161,0.204245,-1.609558,0.501982,-0.299871,0.594853
3,0.001210,0.1512,7.2581,0.498139,-0.298790,0.580369,-0.174251,0.236843,-1.607546,0.501982,-0.299468,0.594853
4,0.001613,0.2016,9.6774,0.497531,-0.298387,0.580545,-0.208344,0.269421,-1.605006,0.501982,-0.299065,0.594853
5,0.002016,0.2520,11.9032,0.496979,-0.297984,0.580728,-0.239709,0.299371,-1.602203,0.501982,-0.298662,0.594853
6,0.002419,0.3024,9.4839,0.497580,-0.297581,0.580530,-0.205616,0.266815,-1.605229,0.501982,-0.298258,0.594853
7,0.002823,0.3528,7.0645,0.498188,-0.297177,0.580357,-0.171523,0.234236,-1.607727,0.501982,-0.297855,0.594853
8,0.003226,0.4032,4.6452,0.498804,-0.296774,0.580209,-0.137434,0.201637,-1.609696,0.501982,-0.297452,0.594853
9,0.003629,0.4536,2.2258,0.499425,-0.296371,0.580088,-0.103350,0.169020,-1.611138,0.501982,-0.297049,0.594853
10,0.004032,0.5040,-0.1935,0.500050,-0.295968,0.579993,-0.069274,0.136389,-1.612054,0.501982,-0.296646,0.594853
11,0.004435,0.5544,-2.6129,0.500679,-0.295565,0.579925,-0.035211,0.103746,-1.612444,0.501982,-0.296242,0.594853
12,0.004839,0.6048,-5.0323,0.501310,-0.295161,0.579883,-0.001162,0.071095,-1.612309,0.501982,-0.295839,0.594853
13,0.005242,0.6552,-7.4516,0.501943,-0.294758,0.579868,0.032870,0.038437,-1.611649,0.501982,-0.295436,0.594853
14,0.005645,0.7056,-9.8710,0.502576,-0.294355,0.579880,0.066881,0.005777,-1.610465,0.501982,-0.295033,0.594853
15,0.006048,0.7560,-11.7097,0.503056,-0.293952,0.579907,0.092714,-0.019046,-1.609214,0.501982,-0.294629,0.594853
16,0.006452,0.8065,-9.2903,0.502424,-0.293548,0.579875,0.058720,0.013615,-1.610797,0.501982,-0.294226,0.594853
17,0.006855,0.8569,-6.8710,0.501791,-0.293145,0.579870,0.024704,0.046276,-1.611855,0.501982,-0.293823,0.594853
18,0.007258,0.9073,-4.4516,0.501159,-0.292742,0.579891,-0.009332,0.078932,-1.612389,0.501982,-0.293420,0.594853
19,0.007661,0.9577,-2.0323,0.500528,-0.292339,0.579939,-0.043385,0.111582,-1.612398,0.501982,-0.293016,0.594853
20,0.008065,0.0081,0.3871,0.499900,-0.291935,0.580014,-0.077451,0.144222,-1.611882,0.501982,-0.292613,0.594853
21,0.008468,0.0585,2.8065,0.499275,-0.291532,0.580115,-0.111529,0.176849,-1.610840,0.501982,-0.292210,0.594853
22,0.008871,0.1089,5.2258,0.498655,-0.291129,0.580242,-0.145615,0.209462,-1.609271,0.501982,-0.291807,0.594853
23,0.009274,0.1593,7.6452,0.498042,-0.290726,0.580396,-0.179705,0.242057,-1.607175,0.501982,-0.291404,0.594853
24,0.009677,0.2097,10.0645,0.497435,-0.290323,0.580575,-0.213799,0.274631,-1.604551,0.501982,-0.291000,0.594853
25,0.010081,0.2601,11.5161,0.497075,-0.289919,0.580695,-0.234254,0.294164,-1.602722,0.501982,-0.290597,0.594853
26,0.010484,0.3105,9.0968,0.497677,-0.289516,0.580500,-0.200161,0.261604,-1.605664,0.501982,-0.290194,0.594853
27,0.010887,0.3609,6.6774,0.498286,-0.289113,0.580331,-0.166069,0.229021,-1.608077,0.501982,-0.289791,0.594853
28,0.011290,0.4113,4.2581,0.498903,-0.288710,0.580188,-0.131980,0.196419,-1.609962,0.501982,-0.289387,0.594853
29,0.011694,0.4617,1.8387,0.499524,-0.288306,0.580071,-0.097897,0.163800,-1.611320,0.501982,-0.288984,0.594853
30,0.012097,0.5121,-0.5806,0.500151,-0.287903,0.579981,-0.063823,0.131167,-1.612152,0.501982,-0.288581,0.594853
31,0.012500,0.5625,-3.0000,0.500780,-0.287500,0.579917,-0.029762,0.098523,-1.612458,0.501982,-0.288178,0.594853
32,0.012903,0.6129,-5.4194,0.501412,-0.287097,0.579879,0.004284,0.065870,-1.612239,0.501982,-0.287775,0.594853
33,0.013306,0.6633,-7.8387,0.502044,-0.286694,0.579868,0.038313,0.033212,-1.611495,0.501982,-0.287371,0.594853
34,0.013710,0.7137,-10.2581,0.502677,-0.286290,0.579884,0.072321,0.000551,-1.610227,0.501982,-0.286968,0.594853
35,0.014113,0.7641,-11.3226,0.502955,-0.285887,0.579900,0.087277,-0.013820,-1.609503,0.501982,-0.286565,0.594853
36,0.014516,0.8145,-8.9032,0.502323,-0.285484,0.579872,0.053279,0.018841,-1.611002,0.501982,-0.286162,0.594853
37,0.014919,0.8649,-6.4839,0.501690,-0.285081,0.579871,0.019259,0.051501,-1.611976,0.501982,-0.285758,0.594853
38,0.015323,0.9153,-4.0645,0.501058,-0.284677,0.579897,-0.014780,0.084156,-1.612426,0.501982,-0.285355,0.594853
39,0.015726,0.9657,-1.6452,0.500427,-0.284274,0.579949,-0.048835,0.116805,-1.612351,0.501982,-0.284952,0.594853
40,0.016129,0.0161,0.7742,0.499799,-0.283871,0.580028,-0.082903,0.149443,-1.611751,0.501982,-0.284549,0.594853
41,0.016532,0.0665,3.1935,0.499176,-0.283468,0.580133,-0.116982,0.182069,-1.610624,0.501982,-0.284146,0.594853
42,0.016935,0.1169,5.6129,0.498557,-0.283065,0.580265,-0.151069,0.214679,-1.608971,0.501982,-0.283742,0.594853
43,0.017339,0.1673,8.0323,0.497944,-0.282661,0.580423,-0.185160,0.247270,-1.606791,0.501982,-0.283339,0.594853
44,0.017742,0.2177,10.4516,0.497338,-0.282258,0.580606,-0.219253,0.279841,-1.604082,0.501982,-0.282936,0.594853
45,0.018145,0.2681,11.1290,0.497170,-0.281855,0.580662,-0.228799,0.288956,-1.603229,0.501982,-0.282533,0.594853
46,0.018548,0.3185,8.7097,0.497774,-0.281452,0.580471,-0.194706,0.256392,-1.606086,0.501982,-0.282129,0.594853
47,0.018952,0.3690,6.2903,0.498385,-0.281048,0.580307,-0.160614,0.223806,-1.608414,0.501982,-0.281726,0.594853
48,0.019355,0.4194,3.8710,0.499002,-0.280645,0.580168,-0.126526,0.191201,-1.610215,0.501982,-0.281323,0.594853
49,0.019758,0.4698,1.4516,0.499624,-0.280242,0.580055,-0.092444,0.158580,-1.611488,0.501982,-0.280920,0.594853
50,0.020161,0.5202,-0.9677,0.500251,-0.279839,0.579969,-0.058373,0.125945,-1.612236,0.501982,-0.280516,0.594853
51,0.020565,0.5706,-3.3871,0.500881,-0.279435,0.579909,-0.024313,0.093299,-1.612458,0.501982,-0.280113,0.594853
52,0.020968,0.6210,-5.8065,0.501513,-0.279032,0.579876,0.009730,0.060645,-1.612155,0.501982,-0.279710,0.594853
53,0.021371,0.6714,-8.2258,0.502145,-0.278629,0.579869,0.043756,0.027986,-1.611327,0.501982,-0.279307,0.594853
54,0.021774,0.7218,-10.6452,0.502778,-0.278226,0.579890,0.077760,-0.004675,-1.609975,0.501982,-0.278904,0.594853
55,0.022177,0.7722,-10.9355,0.502854,-0.277823,0.579894,0.081839,-0.008595,-1.609778,0.501982,-0.278500,0.594853
56,0.022581,0.8226,-8.5161,0.502221,-0.277419,0.579870,0.047837,0.024067,-1.611193,0.501982,-0.278097,0.594853
57,0.022984,0.8730,-6.0968,0.501589,-0.277016,0.579874,0.013814,0.056726,-1.612083,0.501982,-0.277694,0.594853
58,0.023387,0.9234,-3.6774,0.500957,-0.276613,0.579903,-0.020227,0.089381,-1.612449,0.501982,-0.277291,0.594853
59,0.023790,0.9738,-1.2581,0.500327,-0.276210,0.579960,-0.054285,0.122028,-1.612290,0.501982,-0.276887,0.594853
60,0.024194,0.0242,1.1613,0.499699,-0.275806,0.580043,-0.088355,0.154664,-1.611606,0.501982,-0.276484,0.594853
61,0.024597,0.0746,3.5806,0.499076,-0.275403,0.580153,-0.122436,0.187287,-1.610395,0.501982,-0.276081,0.594853
62,0.025000,0.1250,6.0000,0.498458,-0.275000,0.580289,-0.156523,0.219895,-1.608658,0.501982,-0.275678,0.594853
63,0.025403,0.1754,8.4194,0.497847,-0.274597,0.580450,-0.190615,0.252483,-1.606393,0.501982,-0.275275,0.594853
64,0.025806,0.2258,10.8387,0.497242,-0.274194,0.580638,-0.224708,0.285050,-1.603599,0.501982,-0.274871,0.594853
65,0.026210,0.2762,10.7419,0.497266,-0.273790,0.580630,-0.223345,0.283748,-1.603721,0.501982,-0.274468,0.594853
66,0.026613,0.3266,8.3226,0.497871,-0.273387,0.580443,-0.189251,0.251180,-1.606494,0.501982,-0.274065,0.594853
67,0.027016,0.3770,5.9032,0.498483,-0.272984,0.580283,-0.155160,0.218591,-1.608738,0.501982,-0.273662,0.594853
68,0.027419,0.4274,3.4839,0.499101,-0.272581,0.580148,-0.121072,0.185983,-1.610454,0.501982,-0.273258,0.594853
69,0.027823,0.4778,1.0645,0.499724,-0.272177,0.580039,-0.086992,0.153359,-1.611643,0.501982,-0.272855,0.594853
70,0.028226,0.5282,-1.3548,0.500352,-0.271774,0.579957,-0.052922,0.120722,-1.612307,0.501982,-0.272452,0.594853
71,0.028629,0.5786,-3.7742,0.500982,-0.271371,0.579902,-0.018865,0.088075,-1.612445,0.501982,-0.272049,0.594853
72,0.029032,0.6290,-6.1935,0.501614,-0.270968,0.579873,0.015176,0.055420,-1.612058,0.501982,-0.271646,0.594853
73,0.029435,0.6794,-8.6129,0.502247,-0.270565,0.579871,0.049198,0.022760,-1.611146,0.501982,-0.271242,0.594853
74,0.029839,0.7298,-11.0323,0.502879,-0.270161,0.579895,0.083198,-0.009901,-1.609710,0.501982,-0.270839,0.594853
75,0.030242,0.7802,-10.5484,0.502753,-0.269758,0.579888,0.076400,-0.003369,-1.610039,0.501982,-0.270436,0.594853
76,0.030645,0.8306,-8.1290,0.502120,-0.269355,0.579869,0.042395,0.029293,-1.611370,0.501982,-0.270033,0.594853
77,0.031048,0.8810,-5.7097,0.501488,-0.268952,0.579877,0.008369,0.061951,-1.612177,0.501982,-0.269629,0.594853
78,0.031452,0.9315,-3.2903,0.500856,-0.268548,0.579911,-0.025676,0.094605,-1.612459,0.501982,-0.269226,0.594853
79,0.031855,0.9819,-0.8710,0.500226,-0.268145,0.579972,-0.059735,0.127250,-1.612216,0.501982,-0.268823,0.594853
80,0.032258,0.0323,1.5484,0.499599,-0.267742,0.580059,-0.093808,0.159885,-1.611448,0.501982,-0.268420,0.594853
81,0.032661,0.0827,3.9677,0.498977,-0.267339,0.580173,-0.127889,0.192506,-1.610153,0.501982,-0.268016,0.594853
82,0.033065,0.1331,6.3871,0.498360,-0.266935,0.580313,-0.161978,0.225110,-1.608331,0.501982,-0.267613,0.594853
83,0.033468,0.1835,8.8065,0.497749,-0.266532,0.580479,-0.196070,0.257695,-1.605982,0.501982,-0.267210,0.594853
84,0.033871,0.2339,11.2258,0.497146,-0.266129,0.580670,-0.230163,0.290258,-1.603103,0.501982,-0.266807,0.594853
85,0.034274,0.2843,10.3548,0.497363,-0.265726,0.580598,-0.217890,0.278538,-1.604201,0.501982,-0.266404,0.594853
86,0.034677,0.3347,7.9355,0.497968,-0.265323,0.580416,-0.183797,0.245967,-1.606888,0.501982,-0.266000,0.594853
87,0.035081,0.3851,5.5161,0.498581,-0.264919,0.580259,-0.149705,0.213375,-1.609048,0.501982,-0.265597,0.594853
88,0.035484,0.4355,3.0968,0.499200,-0.264516,0.580129,-0.115619,0.180764,-1.610680,0.501982,-0.265194,0.594853
89,0.035887,0.4859,0.6774,0.499825,-0.264113,0.580024,-0.081540,0.148138,-1.611785,0.501982,-0.264791,0.594853
90,0.036290,0.5363,-1.7419,0.500452,-0.263710,0.579947,-0.047472,0.115499,-1.612364,0.501982,-0.264387,0.594853
91,0.036694,0.5867,-4.1613,0.501083,-0.263306,0.579895,-0.013418,0.082850,-1.612418,0.501982,-0.263984,0.594853
92,0.037097,0.6371,-6.5806,0.501715,-0.262903,0.579871,0.020621,0.050195,-1.611947,0.501982,-0.263581,0.594853
93,0.037500,0.6875,-9.0000,0.502348,-0.262500,0.579873,0.054639,0.017535,-1.610952,0.501982,-0.263178,0.594853
94,0.037903,0.7379,-11.4194,0.502980,-0.262097,0.579902,0.088636,-0.015127,-1.609432,0.501982,-0.262775,0.594853
95,0.038306,0.7883,-10.1613,0.502651,-0.261694,0.579883,0.070961,0.001857,-1.610288,0.501982,-0.262371,0.594853
96,0.038710,0.8387,-7.7419,0.502019,-0.261290,0.579868,0.036952,0.034518,-1.611535,0.501982,-0.261968,0.594853
97,0.039113,0.8891,-5.3226,0.501386,-0.260887,0.579880,0.002923,0.067176,-1.612257,0.501982,-0.261565,0.594853
98,0.039516,0.9395,-2.9032,0.500755,-0.260484,0.579919,-0.031124,0.099829,-1.612456,0.501982,-0.261162,0.594853
99,0.039919,0.9899,-0.4839,0.500126,-0.260081,0.579984,-0.065186,0.132472,-1.612128,0.501982,-0.260758,0.594853
100,0.040323,0.0403,1.9355,0.499499,-0.259677,0.580075,-0.099260,0.165105,-1.611276,0.501982,-0.260355,0.594853
101,0.040726,0.0907,4.3548,0.498878,-0.259274,0.580193,-0.133343,0.197724,-1.609897,0.501982,-0.259952,0.594853
102,0.041129,0.1411,6.7742,0.498262,-0.258871,0.580337,-0.167432,0.230325,-1.607991,0.501982,-0.259549,0.594853
103,0.041532,0.1915,9.1935,0.497652,-0.258468,0.580507,-0.201525,0.262907,-1.605557,0.501982,-0.259146,0.594853
104,0.041935,0.2419,11.6129,0.497051,-0.258065,0.580703,-0.235618,0.295466,-1.602594,0.501982,-0.258742,0.594853
105,0.042339,0.2923,9.9677,0.497459,-0.257661,0.580567,-0.212435,0.273328,-1.604666,0.501982,-0.258339,0.594853
106,0.042742,0.3427,7.5484,0.498066,-0.257258,0.580389,-0.178342,0.240754,-1.607269,0.501982,-0.257936,0.594853
107,0.043145,0.3931,5.1290,0.498680,-0.256855,0.580237,-0.144251,0.208158,-1.609344,0.501982,-0.257533,0.594853
108,0.043548,0.4435,2.7097,0.499300,-0.256452,0.580110,-0.110166,0.175545,-1.610892,0.501982,-0.257129,0.594853
109,0.043952,0.4940,0.2903,0.499925,-0.256048,0.580010,-0.076089,0.142916,-1.611913,0.501982,-0.256726,0.594853
110,0.044355,0.5444,-2.1290,0.500553,-0.255645,0.579937,-0.042022,0.110276,-1.612408,0.501982,-0.256323,0.594853
111,0.044758,0.5948,-4.5484,0.501184,-0.255242,0.579890,-0.007970,0.077626,-1.612378,0.501982,-0.255920,0.594853
112,0.045161,0.6452,-6.9677,0.501816,-0.254839,0.579869,0.026065,0.044969,-1.611823,0.501982,-0.255516,0.594853
113,0.045565,0.6956,-9.3871,0.502449,-0.254435,0.579876,0.060080,0.012309,-1.610744,0.501982,-0.255113,0.594853
114,0.045968,0.7460,-11.8065,0.503081,-0.254032,0.579909,0.094073,-0.020353,-1.609140,0.501982,-0.254710,0.594853
115,0.046371,0.7964,-9.7742,0.502550,-0.253629,0.579879,0.065521,0.007083,-1.610522,0.501982,-0.254307,0.594853
116,0.046774,0.8468,-7.3548,0.501918,-0.253226,0.579868,0.031509,0.039744,-1.611686,0.501982,-0.253904,0.594853
117,0.047177,0.8972,-4.9355,0.501285,-0.252823,0.579885,-0.002523,0.072401,-1.612324,0.501982,-0.253500,0.594853
118,0.047581,0.9476,-2.5161,0.500654,-0.252419,0.579927,-0.036573,0.105052,-1.612438,0.501982,-0.253097,0.594853
119,0.047984,0.9980,-0.0968,0.500025,-0.252016,0.579997,-0.070637,0.137695,-1.612027,0.501982,-0.252694,0.594853
120,0.048387,0.0484,2.3226,0.499400,-0.251613,0.580093,-0.104713,0.170325,-1.611091,0.501982,-0.252291,0.594853
121,0.048790,0.0988,4.7419,0.498779,-0.251210,0.580215,-0.138797,0.202941,-1.609627,0.501982,-0.251887,0.594853
122,0.049194,0.1492,7.1613,0.498164,-0.250806,0.580363,-0.172887,0.235540,-1.607637,0.501982,-0.251484,0.594853
123,0.049597,0.1996,9.5806,0.497556,-0.250403,0.580537,-0.206980,0.268118,-1.605118,0.501982,-0.251081,0.594853
124,0.050000,0.2500,12.0000,0.496955,-0.250000,0.580737,-0.241073,0.300673,-1.602070,0.501982,-0.250678,0.594853
125,0.050403,0.3004,9.5806,0.497556,-0.249597,0.580537,-0.206980,0.268118,-1.605118,0.501982,-0.250275,0.594853
126,0.050806,0.3508,7.1613,0.498164,-0.249194,0.580363,-0.172887,0.235540,-1.607637,0.501982,-0.249871,0.594853
127,0.051210,0.4012,4.7419,0.498779,-0.248790,0.580215,-0.138797,0.202941,-1.609627,0.501982,-0.249468,0.594853
128,0.051613,0.4516,2.3226,0.499400,-0.248387,0.580093,-0.104713,0.170325,-1.611091,0.501982,-0.249065,0.594853
129,0.052016,0.5020,-0.0968,0.500025,-0.247984,0.579997,-0.070637,0.137695,-1.612027,0.501982,-0.248662,0.594853
130,0.052419,0.5524,-2.5161,0.500654,-0.247581,0.579927,-0.036573,0.105052,-1.612438,0.501982,-0.248258,0.594853
131,0.052823,0.6028,-4.9355,0.501285,-0.247177,0.579885,-0.002523,0.072401,-1.612324,0.501982,-0.247855,0.594853
132,0.053226,0.6532,-7.3548,0.501918,-0.246774,0.579868,0.031509,0.039744,-1.611686,0.501982,-0.247452,0.594853
133,0.053629,0.7036,-9.7742,0.502550,-0.246371,0.579879,0.065521,0.007083,-1.610522,0.501982,-0.247049,0.594853
134,0.054032,0.7540,-11.8065,0.503081,-0.245968,0.579909,0.094073,-0.020353,-1.609140,0.501982,-0.246646,0.594853
135,0.054435,0.8044,-9.3871,0.502449,-0.245565,0.579876,0.060080,0.012309,-1.610744,0.501982,-0.246242,0.594853
136,0.054839,0.8548,-6.9677,0.501816,-0.245161,0.579869,0.026065,0.044969,-1.611823,0.501982,-0.245839,0.594853
137,0.055242,0.9052,-4.5484,0.501184,-0.244758,0.579890,-0.007970,0.077626,-1.612378,0.501982,-0.245436,0.594853
138,0.055645,0.9556,-2.1290,0.500553,-0.244355,0.579937,-0.042022,0.110276,-1.612408,0.501982,-0.245033,0.594853
139,0.056048,0.0060,0.2903,0.499925,-0.243952,0.580010,-0.076089,0.142916,-1.611913,0.501982,-0.244629,0.594853
140,0.056452,0.0565,2.7097,0.499300,-0.243548,0.580110,-0.110166,0.175545,-1.610892,0.501982,-0.244226,0.594853
141,0.056855,0.1069,5.1290,0.498680,-0.243145,0.580237,-0.144251,0.208158,-1.609344,0.501982,-0.243823,0.594853
142,0.057258,0.1573,7.5484,0.498066,-0.242742,0.580389,-0.178342,0.240754,-1.607269,0.501982,-0.243420,0.594853
143,0.057661,0.2077,9.9677,0.497459,-0.242339,0.580567,-0.212435,0.273328,-1.604666,0.501982,-0.243016,0.594853
144,0.058065,0.2581,11.6129,0.497051,-0.241935,0.580703,-0.235618,0.295466,-1.602594,0.501982,-0.242613,0.594853
145,0.058468,0.3085,9.1935,0.497652,-0.241532,0.580507,-0.201525,0.262907,-1.605557,0.501982,-0.242210,0.594853
146,0.058871,0.3589,6.7742,0.498262,-0.241129,0.580337,-0.167432,0.230325,-1.607991,0.501982,-0.241807,0.594853
147,0.059274,0.4093,4.3548,0.498878,-0.240726,0.580193,-0.133343,0.197724,-1.609897,0.501982,-0.241404,0.594853
148,0.059677,0.4597,1.9355,0.499499,-0.240323,0.580075,-0.099260,0.165105,-1.611276,0.501982,-0.241000,0.594853
149,0.060081,0.5101,-0.4839,0.500126,-0.239919,0.579984,-0.065186,0.132472,-1.612128,0.501982,-0.240597,0.594853
150,0.060484,0.5605,-2.9032,0.500755,-0.239516,0.579919,-0.031124,0.099829,-1.612456,0.501982,-0.240194,0.594853
151,0.060887,0.6109,-5.3226,0.501386,-0.239113,0.579880,0.002923,0.067176,-1.612257,0.501982,-0.239791,0.594853
152,0.061290,0.6613,-7.7419,0.502019,-0.238710,0.579868,0.036952,0.034518,-1.611535,0.501982,-0.239387,0.594853
153,0.061694,0.7117,-10.1613,0.502651,-0.238306,0.579883,0.070961,0.001857,-1.610288,0.501982,-0.238984,0.594853
154,0.062097,0.7621,-11.4194,0.502980,-0.237903,0.579902,0.088636,-0.015127,-1.609432,0.501982,-0.238581,0.594853
155,0.062500,0.8125,-9.0000,0.502348,-0.237500,0.579873,0.054639,0.017535,-1.610952,0.501982,-0.238178,0.594853
156,0.062903,0.8629,-6.5806,0.501715,-0.237097,0.579871,0.020621,0.050195,-1.611947,0.501982,-0.237775,0.594853
157,0.063306,0.9133,-4.1613,0.501083,-0.236694,0.579895,-0.013418,0.082850,-1.612418,0.501982,-0.237371,0.594853
158,0.063710,0.9637,-1.7419,0.500452,-0.236290,0.579947,-0.047472,0.115499,-1.612364,0.501982,-0.236968,0.594853
159,0.064113,0.0141,0.6774,0.499825,-0.235887,0.580024,-0.081540,0.148138,-1.611785,0.501982,-0.236565,0.594853
160,0.064516,0.0645,3.0968,0.499200,-0.235484,0.580129,-0.115619,0.180764,-1.610680,0.501982,-0.236162,0.594853
161,0.064919,0.1149,5.5161,0.498581,-0.235081,0.580259,-0.149705,0.213375,-1.609048,0.501982,-0.235758,0.594853
162,0.065323,0.1653,7.9355,0.497968,-0.234677,0.580416,-0.183797,0.245967,-1.606888,0.501982,-0.235355,0.594853
163,0.065726,0.2157,10.3548,0.497363,-0.234274,0.580598,-0.217890,0.278538,-1.604201,0.501982,-0.234952,0.594853
164,0.066129,0.2661,11.2258,0.497146,-0.233871,0.580670,-0.230163,0.290258,-1.603103,0.501982,-0.234549,0.594853
165,0.066532,0.3165,8.8065,0.497749,-0.233468,0.580479,-0.196070,0.257695,-1.605982,0.501982,-0.234146,0.594853
166,0.066935,0.3669,6.3871,0.498360,-0.233065,0.580313,-0.161978,0.225110,-1.608331,0.501982,-0.233742,0.594853
167,0.067339,0.4173,3.9677,0.498977,-0.232661,0.580173,-0.127889,0.192506,-1.610153,0.501982,-0.233339,0.594853
168,0.067742,0.4677,1.5484,0.499599,-0.232258,0.580059,-0.093808,0.159885,-1.611448,0.501982,-0.232936,0.594853
169,0.068145,0.5181,-0.8710,0.500226,-0.231855,0.579972,-0.059735,0.127250,-1.612216,0.501982,-0.232533,0.594853
170,0.068548,0.5685,-3.2903,0.500856,-0.231452,0.579911,-0.025676,0.094605,-1.612459,0.501982,-0.232129,0.594853
171,0.068952,0.6190,-5.7097,0.501488,-0.231048,0.579877,0.008369,0.061951,-1.612177,0.501982,-0.231726,0.594853
172,0.069355,0.6694,-8.1290,0.502120,-0.230645,0.579869,0.042395,0.029293,-1.611370,0.501982,-0.231323,0.594853
173,0.069758,0.7198,-10.5484,0.502753,-0.230242,0.579888,0.076400,-0.003369,-1.610039,0.501982,-0.230920,0.594853
174,0.070161,0.7702,-11.0323,0.502879,-0.229839,0.579895,0.083198,-0.009901,-1.609710,0.501982,-0.230516,0.594853
175,0.070565,0.8206,-8.6129,0.502247,-0.229435,0.579871,0.049198,0.022760,-1.611146,0.501982,-0.230113,0.594853
176,0.070968,0.8710,-6.1935,0.501614,-0.229032,0.579873,0.015176,0.055420,-1.612058,0.501982,-0.229710,0.594853
177,0.071371,0.9214,-3.7742,0.500982,-0.228629,0.579902,-0.018865,0.088075,-1.612445,0.501982,-0.229307,0.594853
178,0.071774,0.9718,-1.3548,0.500352,-0.228226,0.579957,-0.052922,0.120722,-1.612307,0.501982,-0.228904,0.594853
179,0.072177,0.0222,1.0645,0.499724,-0.227823,0.580039,-0.086992,0.153359,-1.611643,0.501982,-0.228500,0.594853
180,0.072581,0.0726,3.4839,0.499101,-0.227419,0.580148,-0.121072,0.185983,-1.610454,0.501982,-0.228097,0.594853
181,0.072984,0.1230,5.9032,0.498483,-0.227016,0.580283,-0.155160,0.218591,-1.608738,0.501982,-0.227694,0.594853
182,0.073387,0.1734,8.3226,0.497871,-0.226613,0.580443,-0.189251,0.251180,-1.606494,0.501982,-0.227291,0.594853
183,0.073790,0.2238,10.7419,0.497266,-0.226210,0.580630,-0.223345,0.283748,-1.603721,0.501982,-0.226887,0.594853
184,0.074194,0.2742,10.8387,0.497242,-0.225806,0.580638,-0.224708,0.285050,-1.603599,0.501982,-0.226484,0.594853
185,0.074597,0.3246,8.4194,0.497847,-0.225403,0.580450,-0.190615,0.252483,-1.606393,0.501982,-0.226081,0.594853
186,0.075000,0.3750,6.0000,0.498458,-0.225000,0.580289,-0.156523,0.219895,-1.608658,0.501982,-0.225678,0.594853
187,0.075403,0.4254,3.5806,0.499076,-0.224597,0.580153,-0.122436,0.187287,-1.610395,0.501982,-0.225275,0.594853
188,0.075806,0.4758,1.1613,0.499699,-0.224194,0.580043,-0.088355,0.154664,-1.611606,0.501982,-0.224871,0.594853
189,0.076210,0.5262,-1.2581,0.500327,-0.223790,0.579960,-0.054285,0.122028,-1.612290,0.501982,-0.224468,0.594853
190,0.076613,0.5766,-3.6774,0.500957,-0.223387,0.579903,-0.020227,0.089381,-1.612449,0.501982,-0.224065,0.594853
191,0.077016,0.6270,-6.0968,0.501589,-0.222984,0.579874,0.013814,0.056726,-1.612083,0.501982,-0.223662,0.594853
192,0.077419,0.6774,-8.5161,0.502221,-0.222581,0.579870,0.047837,0.024067,-1.611193,0.501982,-0.223258,0.594853
193,0.077823,0.7278,-10.9355,0.502854,-0.222177,0.579894,0.081839,-0.008595,-1.609778,0.501982,-0.222855,0.594853
194,0.078226,0.7782,-10.6452,0.502778,-0.221774,0.579890,0.077760,-0.004675,-1.609975,0.501982,-0.222452,0.594853
195,0.078629,0.8286,-8.2258,0.502145,-0.221371,0.579869,0.043756,0.027986,-1.611327,0.501982,-0.222049,0.594853
196,0.079032,0.8790,-5.8065,0.501513,-0.220968,0.579876,0.009730,0.060645,-1.612155,0.501982,-0.221646,0.594853
197,0.079435,0.9294,-3.3871,0.500881,-0.220565,0.579909,-0.024313,0.093299,-1.612458,0.501982,-0.221242,0.594853
198,0.079839,0.9798,-0.9677,0.500251,-0.220161,0.579969,-0.058373,0.125945,-1.612236,0.501982,-0.220839,0.594853
199,0.080242,0.0302,1.4516,0.499624,-0.219758,0.580055,-0.092444,0.158580,-1.611488,0.501982,-0.220436,0.594853
200,0.080645,0.0806,3.8710,0.499002,-0.219355,0.580168,-0.126526,0.191201,-1.610215,0.501982,-0.220033,0.594853
201,0.081048,0.1310,6.2903,0.498385,-0.218952,0.580307,-0.160614,0.223806,-1.608414,0.501982,-0.219629,0.594853
202,0.081452,0.1815,8.7097,0.497774,-0.218548,0.580471,-0.194706,0.256392,-1.606086,0.501982,-0.219226,0.594853
203,0.081855,0.2319,11.1290,0.497170,-0.218145,0.580662,-0.228799,0.288956,-1.603229,0.501982,-0.218823,0.594853
204,0.082258,0.2823,10.4516,0.497338,-0.217742,0.580606,-0.219253,0.279841,-1.604082,0.501982,-0.218420,0.594853
205,0.082661,0.3327,8.0323,0.497944,-0.217339,0.580423,-0.185160,0.247270,-1.606791,0.501982,-0.218016,0.594853
206,0.083065,0.3831,5.6129,0.498557,-0.216935,0.580265,-0.151069,0.214679,-1.608971,0.501982,-0.217613,0.594853
207,0.083468,0.4335,3.1935,0.499176,-0.216532,0.580133,-0.116982,0.182069,-1.610624,0.501982,-0.217210,0.594853
208,0.083871,0.4839,0.7742,0.499799,-0.216129,0.580028,-0.082903,0.149443,-1.611751,0.501982,-0.216807,0.594853
209,0.084274,0.5343,-1.6452,0.500427,-0.215726,0.579949,-0.048835,0.116805,-1.612351,0.501982,-0.216404,0.594853
210,0.084677,0.5847,-4.0645,0.501058,-0.215323,0.579897,-0.014780,0.084156,-1.612426,0.501982,-0.216000,0.594853
211,0.085081,0.6351,-6.4839,0.501690,-0.214919,0.579871,0.019259,0.051501,-1.611976,0.501982,-0.215597,0.594853
212,0.085484,0.6855,-8.9032,0.502323,-0.214516,0.579872,0.053279,0.018841,-1.611002,0.501982,-0.215194,0.594853
213,0.085887,0.7359,-11.3226,0.502955,-0.214113,0.579900,0.087277,-0.013820,-1.609503,0.501982,-0.214791,0.594853
214,0.086290,0.7863,-10.2581,0.502677,-0.213710,0.579884,0.072321,0.000551,-1.610227,0.501982,-0.214387,0.594853
215,0.086694,0.8367,-7.8387,0.502044,-0.213306,0.579868,0.038313,0.033212,-1.611495,0.501982,-0.213984,0.594853
216,0.087097,0.8871,-5.4194,0.501412,-0.212903,0.579879,0.004284,0.065870,-1.612239,0.501982,-0.213581,0.594853
217,0.087500,0.9375,-3.0000,0.500780,-0.212500,0.579917,-0.029762,0.098523,-1.612458,0.501982,-0.213178,0.594853
218,0.087903,0.9879,-0.5806,0.500151,-0.212097,0.579981,-0.063823,0.131167,-1.612152,0.501982,-0.212775,0.594853
219,0.088306,0.0383,1.8387,0.499524,-0.211694,0.580071,-0.097897,0.163800,-1.611320,0.501982,-0.212371,0.594853
220,0.088710,0.0887,4.2581,0.498903,-0.211290,0.580188,-0.131980,0.196419,-1.609962,0.501982,-0.211968,0.594853
221,0.089113,0.1391,6.6774,0.498286,-0.210887,0.580331,-0.166069,0.229021,-1.608077,0.501982,-0.211565,0.594853
222,0.089516,0.1895,9.0968,0.497677,-0.210484,0.580500,-0.200161,0.261604,-1.605664,0.501982,-0.211162,0.594853
223,0.089919,0.2399,11.5161,0.497075,-0.210081,0.580695,-0.234254,0.294164,-1.602722,0.501982,-0.210758,0.594853
224,0.090323,0.2903,10.0645,0.497435,-0.209677,0.580575,-0.213799,0.274631,-1.604551,0.501982,-0.210355,0.594853
225,0.090726,0.3407,7.6452,0.498042,-0.209274,0.580396,-0.179705,0.242057,-1.607175,0.501982,-0.209952,0.594853
226,0.091129,0.3911,5.2258,0.498655,-0.208871,0.580242,-0.145615,0.209462,-1.609271,0.501982,-0.209549,0.594853
227,0.091532,0.4415,2.8065,0.499275,-0.208468,0.580115,-0.111529,0.176849,-1.610840,0.501982,-0.209146,0.594853
228,0.091935,0.4919,0.3871,0.499900,-0.208065,0.580014,-0.077451,0.144222,-1.611882,0.501982,-0.208742,0.594853
229,0.092339,0.5423,-2.0323,0.500528,-0.207661,0.579939,-0.043385,0.111582,-1.612398,0.501982,-0.208339,0.594853
230,0.092742,0.5927,-4.4516,0.501159,-0.207258,0.579891,-0.009332,0.078932,-1.612389,0.501982,-0.207936,0.594853
231,0.093145,0.6431,-6.8710,0.501791,-0.206855,0.579870,0.024704,0.046276,-1.611855,0.501982,-0.207533,0.594853
232,0.093548,0.6935,-9.2903,0.502424,-0.206452,0.579875,0.058720,0.013615,-1.610797,0.501982,-0.207129,0.594853
233,0.093952,0.7440,-11.7097,0.503056,-0.206048,0.579907,0.092714,-0.019046,-1.609214,0.501982,-0.206726,0.594853
234,0.094355,0.7944,-9.8710,0.502576,-0.205645,0.579880,0.066881,0.005777,-1.610465,0.501982,-0.206323,0.594853
235,0.094758,0.8448,-7.4516,0.501943,-0.205242,0.579868,0.032870,0.038437,-1.611649,0.501982,-0.205920,0.594853
236,0.095161,0.8952,-5.0323,0.501310,-0.204839,0.579883,-0.001162,0.071095,-1.612309,0.501982,-0.205516,0.594853
237,0.095565,0.9456,-2.6129,0.500679,-0.204435,0.579925,-0.035211,0.103746,-1.612444,0.501982,-0.205113,0.594853
238,0.095968,0.9960,-0.1935,0.500050,-0.204032,0.579993,-0.069274,0.136389,-1.612054,0.501982,-0.204710,0.594853
239,0.096371,0.0464,2.2258,0.499425,-0.203629,0.580088,-0.103350,0.169020,-1.611138,0.501982,-0.204307,0.594853
240,0.096774,0.0968,4.6452,0.498804,-0.203226,0.580209,-0.137434,0.201637,-1.609696,0.501982,-0.203904,0.594853
241,0.097177,0.1472,7.0645,0.498188,-0.202823,0.580357,-0.171523,0.234236,-1.607727,0.501982,-0.203500,0.594853
242,0.097581,0.1976,9.4839,0.497580,-0.202419,0.580530,-0.205616,0.266815,-1.605229,0.501982,-0.203097,0.594853
243,0.097984,0.2480,11.9032,0.496979,-0.202016,0.580728,-0.239709,0.299371,-1.602203,0.501982,-0.202694,0.594853
244,0.098387,0.2984,9.6774,0.497531,-0.201613,0.580545,-0.208344,0.269421,-1.605006,0.501982,-0.202291,0.594853
245,0.098790,0.3488,7.2581,0.498139,-0.201210,0.580369,-0.174251,0.236843,-1.607546,0.501982,-0.201887,0.594853
246,0.099194,0.3992,4.8387,0.498754,-0.200806,0.580220,-0.140161,0.204245,-1.609558,0.501982,-0.201484,0.594853
247,0.099597,0.4496,2.4194,0.499375,-0.200403,0.580097,-0.106076,0.171630,-1.611042,0.501982,-0.201081,0.594853
248,0.100000,0.5000,0.0000,0.500000,-0.200000,0.580000,-0.072000,0.139000,-1.612000,0.501982,-0.200678,0.594853
249,0.100403,0.5504,-2.4194,0.500629,-0.199597,0.579930,-0.037935,0.106358,-1.612432,0.501982,-0.200275,0.594853
250,0.100806,0.6008,-4.8387,0.501260,-0.199194,0.579886,-0.003885,0.073707,-1.612339,0.501982,-0.199871,0.594853
251,0.101210,0.6512,-7.2581,0.501892,-0.198790,0.579869,0.030148,0.041050,-1.611721,0.501982,-0.199468,0.594853
252,0.101613,0.7016,-9.6774,0.502525,-0.198387,0.579878,0.064161,0.008389,-1.610579,0.501982,-0.199065,0.594853
253,0.102016,0.7520,-11.9032,0.503106,-0.197984,0.579911,0.095433,-0.021659,-1.609065,0.501982,-0.198662,0.594853
254,0.102419,0.8024,-9.4839,0.502474,-0.197581,0.579876,0.061441,0.011002,-1.610690,0.501982,-0.198258,0.594853
255,0.102823,0.8528,-7.0645,0.501842,-0.197177,0.579869,0.027426,0.043663,-1.611790,0.501982,-0.197855,0.594853
256,0.103226,0.9032,-4.6452,0.501209,-0.196774,0.579888,-0.006609,0.076320,-1.612366,0.501982,-0.197452,0.594853
257,0.103629,0.9536,-2.2258,0.500578,-0.196371,0.579934,-0.040660,0.108970,-1.612417,0.501982,-0.197049,0.594853
258,0.104032,0.0040,0.1935,0.499950,-0.195968,0.580007,-0.074726,0.141611,-1.611943,0.501982,-0.196646,0.594853
259,0.104435,0.0544,2.6129,0.499325,-0.195565,0.580106,-0.108803,0.174240,-1.610943,0.501982,-0.196242,0.594853
260,0.104839,0.1048,5.0323,0.498705,-0.195161,0.580231,-0.142888,0.206854,-1.609416,0.501982,-0.195839,0.594853
261,0.105242,0.1552,7.4516,0.498090,-0.194758,0.580382,-0.176978,0.239450,-1.607362,0.501982,-0.195436,0.594853
262,0.105645,0.2056,9.8710,0.497483,-0.194355,0.580560,-0.211071,0.272026,-1.604780,0.501982,-0.195033,0.594853
263,0.106048,0.2560,11.7097,0.497027,-0.193952,0.580711,-0.236982,0.296768,-1.602464,0.501982,-0.194629,0.594853
264,0.106452,0.3065,9.2903,0.497628,-0.193548,0.580515,-0.202889,0.264210,-1.605448,0.501982,-0.194226,0.594853
265,0.106855,0.3569,6.8710,0.498237,-0.193145,0.580344,-0.168796,0.231629,-1.607904,0.501982,-0.193823,0.594853
266,0.107258,0.4073,4.4516,0.498853,-0.192742,0.580199,-0.134707,0.199028,-1.609831,0.501982,-0.193420,0.594853
267,0.107661,0.4577,2.0323,0.499475,-0.192339,0.580080,-0.100623,0.166410,-1.611231,0.501982,-0.193016,0.594853
268,0.108065,0.5081,-0.3871,0.500100,-0.191935,0.579987,-0.066549,0.133778,-1.612104,0.501982,-0.192613,0.594853
269,0.108468,0.5585,-2.8065,0.500730,-0.191532,0.579921,-0.032486,0.101135,-1.612453,0.501982,-0.192210,0.594853
270,0.108871,0.6089,-5.2258,0.501361,-0.191129,0.579881,0.001561,0.068482,-1.612275,0.501982,-0.191807,0.594853
271,0.109274,0.6593,-7.6452,0.501994,-0.190726,0.579868,0.035591,0.035825,-1.611574,0.501982,-0.191404,0.594853
272,0.109677,0.7097,-10.0645,0.502626,-0.190323,0.579882,0.069601,0.003164,-1.610348,0.501982,-0.191000,0.594853
273,0.110081,0.7601,-11.5161,0.503005,-0.189919,0.579903,0.089995,-0.016433,-1.609360,0.501982,-0.190597,0.594853
274,0.110484,0.8105,-9.0968,0.502373,-0.189516,0.579873,0.056000,0.016228,-1.610901,0.501982,-0.190194,0.594853
275,0.110887,0.8609,-6.6774,0.501741,-0.189113,0.579870,0.021982,0.048888,-1.611917,0.501982,-0.189791,0.594853
276,0.111290,0.9113,-4.2581,0.501108,-0.188710,0.579894,-0.012056,0.081544,-1.612409,0.501982,-0.189387,0.594853
277,0.111694,0.9617,-1.8387,0.500478,-0.188306,0.579944,-0.046110,0.114193,-1.612376,0.501982,-0.188984,0.594853
278,0.112097,0.0121,0.5806,0.499850,-0.187903,0.580021,-0.080177,0.146832,-1.611818,0.501982,-0.188581,0.594853
279,0.112500,0.0625,3.0000,0.499225,-0.187500,0.580124,-0.114256,0.179459,-1.610734,0.501982,-0.188178,0.594853
280,0.112903,0.1129,5.4194,0.498606,-0.187097,0.580254,-0.148342,0.212070,-1.609123,0.501982,-0.187775,0.594853
281,0.113306,0.1633,7.8387,0.497993,-0.186694,0.580409,-0.182433,0.244664,-1.606985,0.501982,-0.187371,0.594853
282,0.113710,0.2137,10.2581,0.497387,-0.186290,0.580590,-0.216526,0.277236,-1.604318,0.501982,-0.186968,0.594853
283,0.114113,0.2641,11.3226,0.497122,-0.185887,0.580678,-0.231527,0.291560,-1.602977,0.501982,-0.186565,0.594853
284,0.114516,0.3145,8.9032,0.497725,-0.185484,0.580486,-0.197434,0.258998,-1.605877,0.501982,-0.186162,0.594853
285,0.114919,0.3649,6.4839,0.498335,-0.185081,0.580319,-0.163341,0.226414,-1.608247,0.501982,-0.185758,0.594853
286,0.115323,0.4153,4.0645,0.498952,-0.184677,0.580178,-0.129253,0.193810,-1.610090,0.501982,-0.185355,0.594853
287,0.115726,0.4657,1.6452,0.499574,-0.184274,0.580063,-0.095171,0.161190,-1.611406,0.501982,-0.184952,0.594853
288,0.116129,0.5161,-0.7742,0.500201,-0.183871,0.579975,-0.061098,0.128556,-1.612195,0.501982,-0.184549,0.594853
289,0.116532,0.5665,-3.1935,0.500831,-0.183468,0.579913,-0.027038,0.095911,-1.612459,0.501982,-0.184146,0.594853
290,0.116935,0.6169,-5.6129,0.501462,-0.183065,0.579877,0.007007,0.063258,-1.612198,0.501982,-0.183742,0.594853
291,0.117339,0.6673,-8.0323,0.502095,-0.182661,0.579869,0.041034,0.030599,-1.611413,0.501982,-0.183339,0.594853
292,0.117742,0.7177,-10.4516,0.502727,-0.182258,0.579887,0.075040,-0.002062,-1.610103,0.501982,-0.182936,0.594853
293,0.118145,0.7681,-11.1290,0.502904,-0.181855,0.579897,0.084558,-0.011207,-1.609642,0.501982,-0.182533,0.594853
294,0.118548,0.8185,-8.7097,0.502272,-0.181452,0.579871,0.050558,0.021454,-1.611099,0.501982,-0.182129,0.594853
295,0.118952,0.8690,-6.2903,0.501639,-0.181048,0.579872,0.016537,0.054114,-1.612031,0.501982,-0.181726,0.594853
296,0.119355,0.9194,-3.8710,0.501007,-0.180645,0.579900,-0.017503,0.086769,-1.612439,0.501982,-0.181323,0.594853
297,0.119758,0.9698,-1.4516,0.500377,-0.180242,0.579955,-0.051560,0.119416,-1.612322,0.501982,-0.180920,0.594853
298,0.120161,0.0202,0.9677,0.499749,-0.179839,0.580036,-0.085629,0.152054,-1.611680,0.501982,-0.180516,0.594853
299,0.120565,0.0706,3.3871,0.499126,-0.179435,0.580143,-0.119709,0.184678,-1.610512,0.501982,-0.180113,0.594853
300,0.120968,0.1210,5.8065,0.498508,-0.179032,0.580277,-0.153796,0.217287,-1.608816,0.501982,-0.179710,0.594853
301,0.121371,0.1714,8.2258,0.497895,-0.178629,0.580436,-0.187888,0.249877,-1.606594,0.501982,-0.179307,0.594853
302,0.121774,0.2218,10.6452,0.497290,-0.178226,0.580622,-0.221981,0.282445,-1.603842,0.501982,-0.178904,0.594853
303,0.122177,0.2722,10.9355,0.497218,-0.177823,0.580646,-0.226072,0.286352,-1.603477,0.501982,-0.178500,0.594853
304,0.122581,0.3226,8.5161,0.497822,-0.177419,0.580457,-0.191979,0.253786,-1.606292,0.501982,-0.178097,0.594853
305,0.122984,0.3730,6.0968,0.498434,-0.177016,0.580295,-0.157887,0.221199,-1.608578,0.501982,-0.177694,0.594853
306,0.123387,0.4234,3.6774,0.499051,-0.176613,0.580158,-0.123799,0.188592,-1.610336,0.501982,-0.177291,0.594853
307,0.123790,0.4738,1.2581,0.499674,-0.176210,0.580047,-0.089718,0.155969,-1.611568,0.501982,-0.176887,0.594853
308,0.124194,0.5242,-1.1613,0.500301,-0.175806,0.579963,-0.055647,0.123333,-1.612273,0.501982,-0.176484,0.594853
309,0.124597,0.5746,-3.5806,0.500931,-0.175403,0.579905,-0.021589,0.090687,-1.612453,0.501982,-0.176081,0.594853
310,0.125000,0.6250,-6.0000,0.501563,-0.175000,0.579874,0.012453,0.058032,-1.612108,0.501982,-0.175678,0.594853
311,0.125403,0.6754,-8.4194,0.502196,-0.174597,0.579870,0.046477,0.025373,-1.611238,0.501982,-0.175275,0.594853
312,0.125806,0.7258,-10.8387,0.502828,-0.174194,0.579892,0.080479,-0.007288,-1.609845,0.501982,-0.174871,0.594853
313,0.126210,0.7762,-10.7419,0.502803,-0.173790,0.579891,0.079119,-0.005982,-1.609910,0.501982,-0.174468,0.594853
314,0.126613,0.8266,-8.3226,0.502171,-0.173387,0.579870,0.045116,0.026680,-1.611283,0.501982,-0.174065,0.594853
315,0.127016,0.8770,-5.9032,0.501538,-0.172984,0.579875,0.011092,0.059339,-1.612132,0.501982,-0.173662,0.594853
316,0.127419,0.9274,-3.4839,0.500906,-0.172581,0.579907,-0.022951,0.091993,-1.612456,0.501982,-0.173258,0.594853
317,0.127823,0.9778,-1.0645,0.500276,-0.172177,0.579966,-0.057010,0.124639,-1.612255,0.501982,-0.172855,0.594853
318,0.128226,0.0282,1.3548,0.499649,-0.171774,0.580051,-0.091081,0.157274,-1.611528,0.501982,-0.172452,0.594853
319,0.128629,0.0786,3.7742,0.499027,-0.171371,0.580163,-0.125162,0.189897,-1.610276,0.501982,-0.172049,0.594853
320,0.129032,0.1290,6.1935,0.498409,-0.170968,0.580301,-0.159251,0.222502,-1.608496,0.501982,-0.171646,0.594853
321,0.129435,0.1794,8.6129,0.497798,-0.170565,0.580464,-0.193343,0.255089,-1.606189,0.501982,-0.171242,0.594853
322,0.129839,0.2298,11.0323,0.497194,-0.170161,0.580654,-0.227436,0.287654,-1.603353,0.501982,-0.170839,0.594853
323,0.130242,0.2802,10.5484,0.497314,-0.169758,0.580614,-0.220617,0.281143,-1.603963,0.501982,-0.170436,0.594853
324,0.130645,0.3306,8.1290,0.497920,-0.169355,0.580429,-0.186524,0.248573,-1.606693,0.501982,-0.170033,0.594853
325,0.131048,0.3810,5.7097,0.498532,-0.168952,0.580271,-0.152433,0.215983,-1.608894,0.501982,-0.169629,0.594853
326,0.131452,0.4315,3.2903,0.499151,-0.168548,0.580138,-0.118346,0.183373,-1.610568,0.501982,-0.169226,0.594853
327,0.131855,0.4819,0.8710,0.499774,-0.168145,0.580032,-0.084266,0.150748,-1.611716,0.501982,-0.168823,0.594853
328,0.132258,0.5323,-1.5484,0.500402,-0.167742,0.579952,-0.050197,0.118110,-1.612337,0.501982,-0.168420,0.594853
329,0.132661,0.5827,-3.9677,0.501033,-0.167339,0.579898,-0.016141,0.085462,-1.612433,0.501982,-0.168016,0.594853
330,0.133065,0.6331,-6.3871,0.501665,-0.166935,0.579872,0.017898,0.052807,-1.612004,0.501982,-0.167613,0.594853
331,0.133468,0.6835,-8.8065,0.502297,-0.166532,0.579872,0.051919,0.020147,-1.611051,0.501982,-0.167210,0.594853
332,0.133871,0.7339,-11.2258,0.502929,-0.166129,0.579898,0.085917,-0.012514,-1.609573,0.501982,-0.166807,0.594853
333,0.134274,0.7843,-10.3548,0.502702,-0.165726,0.579886,0.073680,-0.000756,-1.610165,0.501982,-0.166404,0.594853
334,0.134677,0.8347,-7.9355,0.502070,-0.165323,0.579869,0.039674,0.031905,-1.611454,0.501982,-0.166000,0.594853
335,0.135081,0.8851,-5.5161,0.501437,-0.164919,0.579878,0.005646,0.064564,-1.612219,0.501982,-0.165597,0.594853
336,0.135484,0.9355,-3.0968,0.500805,-0.164516,0.579915,-0.028400,0.097217,-1.612459,0.501982,-0.165194,0.594853
337,0.135887,0.9859,-0.6774,0.500176,-0.164113,0.579978,-0.062461,0.129861,-1.612174,0.501982,-0.164791,0.594853
338,0.136290,0.0363,1.7419,0.499549,-0.163710,0.580067,-0.096534,0.162495,-1.611363,0.501982,-0.164387,0.594853
339,0.136694,0.0867,4.1613,0.498927,-0.163306,0.580183,-0.130616,0.195115,-1.610027,0.501982,-0.163984,0.594853
340,0.137097,0.1371,6.5806,0.498311,-0.162903,0.580325,-0.164705,0.227718,-1.608163,0.501982,-0.163581,0.594853
341,0.137500,0.1875,9.0000,0.497701,-0.162500,0.580493,-0.198798,0.260301,-1.605771,0.501982,-0.163178,0.594853
342,0.137903,0.2379,11.4194,0.497099,-0.162097,0.580686,-0.232891,0.292862,-1.602850,0.501982,-0.162775,0.594853
343,0.138306,0.2883,10.1613,0.497411,-0.161694,0.580583,-0.215162,0.275933,-1.604435,0.501982,-0.162371,0.594853
344,0.138710,0.3387,7.7419,0.498017,-0.161290,0.580402,-0.181069,0.243360,-1.607081,0.501982,-0.161968,0.594853
345,0.139113,0.3891,5.3226,0.498631,-0.160887,0.580248,-0.146978,0.210766,-1.609198,0.501982,-0.161565,0.594853
346,0.139516,0.4395,2.9032,0.499250,-0.160484,0.580119,-0.112892,0.178154,-1.610787,0.501982,-0.161162,0.594853
347,0.139919,0.4899,0.4839,0.499875,-0.160081,0.580017,-0.078814,0.145527,-1.611851,0.501982,-0.160758,0.594853
348,0.140323,0.5403,-1.9355,0.500503,-0.159677,0.579942,-0.044747,0.112887,-1.612388,0.501982,-0.160355,0.594853
349,0.140726,0.5907,-4.3548,0.501134,-0.159274,0.579892,-0.010694,0.080238,-1.612400,0.501982,-0.159952,0.594853
350,0.141129,0.6411,-6.7742,0.501766,-0.158871,0.579870,0.023343,0.047582,-1.611887,0.501982,-0.159549,0.594853
351,0.141532,0.6915,-9.1935,0.502399,-0.158468,0.579874,0.057360,0.014922,-1.610849,0.501982,-0.159146,0.594853
352,0.141935,0.7419,-11.6129,0.503030,-0.158065,0.579905,0.091355,-0.017740,-1.609288,0.501982,-0.158742,0.594853
353,0.142339,0.7923,-9.9677,0.502601,-0.157661,0.579881,0.068241,0.004470,-1.610407,0.501982,-0.158339,0.594853
354,0.142742,0.8427,-7.5484,0.501968,-0.157258,0.579868,0.034231,0.037131,-1.611612,0.501982,-0.157936,0.594853
355,0.143145,0.8931,-5.1290,0.501336,-0.156855,0.579882,0.000200,0.069789,-1.612293,0.501982,-0.157533,0.594853
356,0.143548,0.9435,-2.7097,0.500704,-0.156452,0.579923,-0.033849,0.102440,-1.612449,0.501982,-0.157129,0.594853
357,0.143952,0.9940,-0.2903,0.500075,-0.156048,0.579990,-0.067912,0.135084,-1.612080,0.501982,-0.156726,0.594853
358,0.144355,0.0444,2.1290,0.499450,-0.155645,0.580084,-0.101986,0.167715,-1.611185,0.501982,-0.156323,0.594853
359,0.144758,0.0948,4.5484,0.498828,-0.155242,0.580204,-0.136070,0.200332,-1.609764,0.501982,-0.155920,0.594853
360,0.145161,0.1452,6.9677,0.498213,-0.154839,0.580350,-0.170160,0.232932,-1.607815,0.501982,-0.155516,0.594853
361,0.145565,0.1956,9.3871,0.497604,-0.154435,0.580522,-0.204252,0.265512,-1.605339,0.501982,-0.155113,0.594853
362,0.145968,0.2460,11.8065,0.497003,-0.154032,0.580720,-0.238345,0.298070,-1.602334,0.501982,-0.154710,0.594853
363,0.146371,0.2964,9.7742,0.497507,-0.153629,0.580552,-0.209707,0.270723,-1.604894,0.501982,-0.154307,0.594853
364,0.146774,0.3468,7.3548,0.498115,-0.153226,0.580376,-0.175614,0.238147,-1.607455,0.501982,-0.153904,0.594853
365,0.147177,0.3972,4.9355,0.498729,-0.152823,0.580226,-0.141524,0.205550,-1.609487,0.501982,-0.153500,0.594853
366,0.147581,0.4476,2.5161,0.499350,-0.152419,0.580101,-0.107439,0.172935,-1.610993,0.501982,-0.153097,0.594853
367,0.147984,0.4980,0.0968,0.499975,-0.152016,0.580003,-0.073363,0.140305,-1.611972,0.501982,-0.152694,0.594853
368,0.148387,0.5484,-2.3226,0.500604,-0.151613,0.579932,-0.039298,0.107664,-1.612425,0.501982,-0.152291,0.594853
369,0.148790,0.5988,-4.7419,0.501235,-0.151210,0.579887,-0.005247,0.075013,-1.612353,0.501982,-0.151887,0.594853
370,0.149194,0.6492,-7.1613,0.501867,-0.150806,0.579869,0.028787,0.042356,-1.611756,0.501982,-0.151484,0.594853
371,0.149597,0.6996,-9.5806,0.502500,-0.150403,0.579877,0.062801,0.009696,-1.610635,0.501982,-0.151081,0.594853
372,0.150000,0.7500,-12.0000,0.503131,-0.150000,0.579913,0.096792,-0.022966,-1.608989,0.501982,-0.150678,0.594853
373,0.150403,0.8004,-9.5806,0.502500,-0.149597,0.579877,0.062801,0.009696,-1.610635,0.501982,-0.150275,0.594853
374,0.150806,0.8508,-7.1613,0.501867,-0.149194,0.579869,0.028787,0.042356,-1.611756,0.501982,-0.149871,0.594853
375,0.151210,0.9012,-4.7419,0.501235,-0.148790,0.579887,-0.005247,0.075013,-1.612353,0.501982,-0.149468,0.594853
376,0.151613,0.9516,-2.3226,0.500604,-0.148387,0.579932,-0.039298,0.107664,-1.612425,0.501982,-0.149065,0.594853
377,0.152016,0.0020,0.0968,0.499975,-0.147984,0.580003,-0.073363,0.140305,-1.611972,0.501982,-0.148662,0.594853
378,0.152419,0.0524,2.5161,0.499350,-0.147581,0.580101,-0.107439,0.172935,-1.610993,0.501982,-0.148258,0.594853
379,0.152823,0.1028,4.9355,0.498729,-0.147177,0.580226,-0.141524,0.205550,-1.609487,0.501982,-0.147855,0.594853
380,0.153226,0.1532,7.3548,0.498115,-0.146774,0.580376,-0.175614,0.238147,-1.607455,0.501982,-0.147452,0.594853
381,0.153629,0.2036,9.7742,0.497507,-0.146371,0.580552,-0.209707,0.270723,-1.604894,0.501982,-0.147049,0.594853
382,0.154032,0.2540,11.8065,0.497003,-0.145968,0.580720,-0.238345,0.298070,-1.602334,0.501982,-0.146646,0.594853
383,0.154435,0.3044,9.3871,0.497604,-0.145565,0.580522,-0.204252,0.265512,-1.605339,0.501982,-0.146242,0.594853
384,0.154839,0.3548,6.9677,0.498213,-0.145161,0.580350,-0.170160,0.232932,-1.607815,0.501982,-0.145839,0.594853
385,0.155242,0.4052,4.5484,0.498828,-0.144758,0.580204,-0.136070,0.200332,-1.609764,0.501982,-0.145436,0.594853
386,0.155645,0.4556,2.1290,0.499450,-0.144355,0.580084,-0.101986,0.167715,-1.611185,0.501982,-0.145033,0.594853
387,0.156048,0.5060,-0.2903,0.500075,-0.143952,0.579990,-0.067912,0.135084,-1.612080,0.501982,-0.144629,0.594853
388,0.156452,0.5565,-2.7097,0.500704,-0.143548,0.579923,-0.033849,0.102440,-1.612449,0.501982,-0.144226,0.594853
389,0.156855,0.6069,-5.1290,0.501336,-0.143145,0.579882,0.000200,0.069789,-1.612293,0.501982,-0.143823,0.594853
390,0.157258,0.6573,-7.5484,0.501968,-0.142742,0.579868,0.034231,0.037131,-1.611612,0.501982,-0.143420,0.594853
391,0.157661,0.7077,-9.9677,0.502601,-0.142339,0.579881,0.068241,0.004470,-1.610407,0.501982,-0.143016,0.594853
392,0.158065,0.7581,-11.6129,0.503030,-0.141935,0.579905,0.091355,-0.017740,-1.609288,0.501982,-0.142613,0.594853
393,0.158468,0.8085,-9.1935,0.502399,-0.141532,0.579874,0.057360,0.014922,-1.610849,0.501982,-0.142210,0.594853
394,0.158871,0.8589,-6.7742,0.501766,-0.141129,0.579870,0.023343,0.047582,-1.611887,0.501982,-0.141807,0.594853
395,0.159274,0.9093,-4.3548,0.501134,-0.140726,0.579892,-0.010694,0.080238,-1.612400,0.501982,-0.141404,0.594853
396,0.159677,0.9597,-1.9355,0.500503,-0.140323,0.579942,-0.044747,0.112887,-1.612388,0.501982,-0.141000,0.594853
397,0.160081,0.0101,0.4839,0.499875,-0.139919,0.580017,-0.078814,0.145527,-1.611851,0.501982,-0.140597,0.594853
398,0.160484,0.0605,2.9032,0.499250,-0.139516,0.580119,-0.112892,0.178154,-1.610787,0.501982,-0.140194,0.594853
399,0.160887,0.1109,5.3226,0.498631,-0.139113,0.580248,-0.146978,0.210766,-1.609198,0.501982,-0.139791,0.594853
400,0.161290,0.1613,7.7419,0.498017,-0.138710,0.580402,-0.181069,0.243360,-1.607081,0.501982,-0.139387,0.594853
401,0.161694,0.2117,10.1613,0.497411,-0.138306,0.580583,-0.215162,0.275933,-1.604435,0.501982,-0.138984,0.594853
402,0.162097,0.2621,11.4194,0.497099,-0.137903,0.580686,-0.232891,0.292862,-1.602850,0.501982,-0.138581,0.594853
403,0.162500,0.3125,9.0000,0.497701,-0.137500,0.580493,-0.198798,0.260301,-1.605771,0.501982,-0.138178,0.594853
404,0.162903,0.3629,6.5806,0.498311,-0.137097,0.580325,-0.164705,0.227718,-1.608163,0.501982,-0.137775,0.594853
405,0.163306,0.4133,4.1613,0.498927,-0.136694,0.580183,-0.130616,0.195115,-1.610027,0.501982,-0.137371,0.594853
406,0.163710,0.4637,1.7419,0.499549,-0.136290,0.580067,-0.096534,0.162495,-1.611363,0.501982,-0.136968,0.594853
407,0.164113,0.5141,-0.6774,0.500176,-0.135887,0.579978,-0.062461,0.129861,-1.612174,0.501982,-0.136565,0.594853
408,0.164516,0.5645,-3.0968,0.500805,-0.135484,0.579915,-0.028400,0.097217,-1.612459,0.501982,-0.136162,0.594853
409,0.164919,0.6149,-5.5161,0.501437,-0.135081,0.579878,0.005646,0.064564,-1.612219,0.501982,-0.135758,0.594853
410,0.165323,0.6653,-7.9355,0.502070,-0.134677,0.579869,0.039674,0.031905,-1.611454,0.501982,-0.135355,0.594853
411,0.165726,0.7157,-10.3548,0.502702,-0.134274,0.579886,0.073680,-0.000756,-1.610165,0.501982,-0.134952,0.594853
412,0.166129,0.7661,-11.2258,0.502929,-0.133871,0.579898,0.085917,-0.012514,-1.609573,0.501982,-0.134549,0.594853
413,0.166532,0.8165,-8.8065,0.502297,-0.133468,0.579872,0.051919,0.020147,-1.611051,0.501982,-0.134146,0.594853
414,0.166935,0.8669,-6.3871,0.501665,-0.133065,0.579872,0.017898,0.052807,-1.612004,0.501982,-0.133742,0.594853
415,0.167339,0.9173,-3.9677,0.501033,-0.132661,0.579898,-0.016141,0.085462,-1.612433,0.501982,-0.133339,0.594853
416,0.167742,0.9677,-1.5484,0.500402,-0.132258,0.579952,-0.050197,0.118110,-1.612337,0.501982,-0.132936,0.594853
417,0.168145,0.0181,0.8710,0.499774,-0.131855,0.580032,-0.084266,0.150748,-1.611716,0.501982,-0.132533,0.594853
418,0.168548,0.0685,3.2903,0.499151,-0.131452,0.580138,-0.118346,0.183373,-1.610568,0.501982,-0.132129,0.594853
419,0.168952,0.1190,5.7097,0.498532,-0.131048,0.580271,-0.152433,0.215983,-1.608894,0.501982,-0.131726,0.594853
420,0.169355,0.1694,8.1290,0.497920,-0.130645,0.580429,-0.186524,0.248573,-1.606693,0.501982,-0.131323,0.594853
421,0.169758,0.2198,10.5484,0.497314,-0.130242,0.580614,-0.220617,0.281143,-1.603963,0.501982,-0.130920,0.594853
422,0.170161,0.2702,11.0323,0.497194,-0.129839,0.580654,-0.227436,0.287654,-1.603353,0.501982,-0.130516,0.594853
423,0.170565,0.3206,8.6129,0.497798,-0.129435,0.580464,-0.193343,0.255089,-1.606189,0.501982,-0.130113,0.594853
424,0.170968,0.3710,6.1935,0.498409,-0.129032,0.580301,-0.159251,0.222502,-1.608496,0.501982,-0.129710,0.594853
425,0.171371,0.4214,3.7742,0.499027,-0.128629,0.580163,-0.125162,0.189897,-1.610276,0.501982,-0.129307,0.594853
426,0.171774,0.4718,1.3548,0.499649,-0.128226,0.580051,-0.091081,0.157274,-1.611528,0.501982,-0.128904,0.594853
427,0.172177,0.5222,-1.0645,0.500276,-0.127823,0.579966,-0.057010,0.124639,-1.612255,0.501982,-0.128500,0.594853
428,0.172581,0.5726,-3.4839,0.500906,-0.127419,0.579907,-0.022951,0.091993,-1.612456,0.501982,-0.128097,0.594853
429,0.172984,0.6230,-5.9032,0.501538,-0.127016,0.579875,0.011092,0.059339,-1.612132,0.501982,-0.127694,0.594853
430,0.173387,0.6734,-8.3226,0.502171,-0.126613,0.579870,0.045116,0.026680,-1.611283,0.501982,-0.127291,0.594853
431,0.173790,0.7238,-10.7419,0.502803,-0.126210,0.579891,0.079119,-0.005982,-1.609910,0.501982,-0.126887,0.594853
432,0.174194,0.7742,-10.8387,0.502828,-0.125806,0.579892,0.080479,-0.007288,-1.609845,0.501982,-0.126484,0.594853
433,0.174597,0.8246,-8.4194,0.502196,-0.125403,0.579870,0.046477,0.025373,-1.611238,0.501982,-0.126081,0.594853
434,0.175000,0.8750,-6.0000,0.501563,-0.125000,0.579874,0.012453,0.058032,-1.612108,0.501982,-0.125678,0.594853
435,0.175403,0.9254,-3.5806,0.500931,-0.124597,0.579905,-0.021589,0.090687,-1.612453,0.501982,-0.125275,0.594853
436,0.175806,0.9758,-1.1613,0.500301,-0.124194,0.579963,-0.055647,0.123333,-1.612273,0.501982,-0.124871,0.594853
437,0.176210,0.0262,1.2581,0.499674,-0.123790,0.580047,-0.089718,0.155969,-1.611568,0.501982,-0.124468,0.594853
438,0.176613,0.0766,3.6774,0.499051,-0.123387,0.580158,-0.123799,0.188592,-1.610336,0.501982,-0.124065,0.594853
439,0.177016,0.1270,6.0968,0.498434,-0.122984,0.580295,-0.157887,0.221199,-1.608578,0.501982,-0.123662,0.594853
440,0.177419,0.1774,8.5161,0.497822,-0.122581,0.580457,-0.191979,0.253786,-1.606292,0.501982,-0.123258,0.594853
441,0.177823,0.2278,10.9355,0.497218,-0.122177,0.580646,-0.226072,0.286352,-1.603477,0.501982,-0.122855,0.594853
442,0.178226,0.2782,10.6452,0.497290,-0.121774,0.580622,-0.221981,0.282445,-1.603842,0.501982,-0.122452,0.594853
443,0.178629,0.3286,8.2258,0.497895,-0.121371,0.580436,-0.187888,0.249877,-1.606594,0.501982,-0.122049,0.594853
444,0.179032,0.3790,5.8065,0.498508,-0.120968,0.580277,-0.153796,0.217287,-1.608816,0.501982,-0.121646,0.594853
445,0.179435,0.4294,3.3871,0.499126,-0.120565,0.580143,-0.119709,0.184678,-1.610512,0.501982,-0.121242,0.594853
446,0.179839,0.4798,0.9677,0.499749,-0.120161,0.580036,-0.085629,0.152054,-1.611680,0.501982,-0.120839,0.594853
447,0.180242,0.5302,-1.4516,0.500377,-0.119758,0.579955,-0.051560,0.119416,-1.612322,0.501982,-0.120436,0.594853
448,0.180645,0.5806,-3.8710,0.501007,-0.119355,0.579900,-0.017503,0.086769,-1.612439,0.501982,-0.120033,0.594853
449,0.181048,0.6310,-6.2903,0.501639,-0.118952,0.579872,0.016537,0.054114,-1.612031,0.501982,-0.119629,0.594853
450,0.181452,0.6815,-8.7097,0.502272,-0.118548,0.579871,0.050558,0.021454,-1.611099,0.501982,-0.119226,0.594853
451,0.181855,0.7319,-11.1290,0.502904,-0.118145,0.579897,0.084558,-0.011207,-1.609642,0.501982,-0.118823,0.594853
452,0.182258,0.7823,-10.4516,0.502727,-0.117742,0.579887,0.075040,-0.002062,-1.610103,0.501982,-0.118420,0.594853
453,0.182661,0.8327,-8.0323,0.502095,-0.117339,0.579869,0.041034,0.030599,-1.611413,0.501982,-0.118016,0.594853
454,0.183065,0.8831,-5.6129,0.501462,-0.116935,0.579877,0.007007,0.063258,-1.612198,0.501982,-0.117613,0.594853
455,0.183468,0.9335,-3.1935,0.500831,-0.116532,0.579913,-0.027038,0.095911,-1.612459,0.501982,-0.117210,0.594853
456,0.183871,0.9839,-0.7742,0.500201,-0.116129,0.579975,-0.061098,0.128556,-1.612195,0.501982,-0.116807,0.594853
457,0.184274,0.0343,1.6452,0.499574,-0.115726,0.580063,-0.095171,0.161190,-1.611406,0.501982,-0.116404,0.594853
458,0.184677,0.0847,4.0645,0.498952,-0.115323,0.580178,-0.129253,0.193810,-1.610090,0.501982,-0.116000,0.594853
459,0.185081,0.1351,6.4839,0.498335,-0.114919,0.580319,-0.163341,0.226414,-1.608247,0.501982,-0.115597,0.594853
460,0.185484,0.1855,8.9032,0.497725,-0.114516,0.580486,-0.197434,0.258998,-1.605877,0.501982,-0.115194,0.594853
461,0.185887,0.2359,11.3226,0.497122,-0.114113,0.580678,-0.231527,0.291560,-1.602977,0.501982,-0.114791,0.594853
462,0.186290,0.2863,10.2581,0.497387,-0.113710,0.580590,-0.216526,0.277236,-1.604318,0.501982,-0.114387,0.594853
463,0.186694,0.3367,7.8387,0.497993,-0.113306,0.580409,-0.182433,0.244664,-1.606985,0.501982,-0.113984,0.594853
464,0.187097,0.3871,5.4194,0.498606,-0.112903,0.580254,-0.148342,0.212070,-1.609123,0.501982,-0.113581,0.594853
465,0.187500,0.4375,3.0000,0.499225,-0.112500,0.580124,-0.114256,0.179459,-1.610734,0.501982,-0.113178,0.594853
466,0.187903,0.4879,0.5806,0.499850,-0.112097,0.580021,-0.080177,0.146832,-1.611818,0.501982,-0.112775,0.594853
467,0.188306,0.5383,-1.8387,0.500478,-0.111694,0.579944,-0.046110,0.114193,-1.612376,0.501982,-0.112371,0.594853
468,0.188710,0.5887,-4.2581,0.501108,-0.111290,0.579894,-0.012056,0.081544,-1.612409,0.501982,-0.111968,0.594853
469,0.189113,0.6391,-6.6774,0.501741,-0.110887,0.579870,0.021982,0.048888,-1.611917,0.501982,-0.111565,0.594853
470,0.189516,0.6895,-9.0968,0.502373,-0.110484,0.579873,0.056000,0.016228,-1.610901,0.501982,-0.111162,0.594853
471,0.189919,0.7399,-11.5161,0.503005,-0.110081,0.579903,0.089995,-0.016433,-1.609360,0.501982,-0.110758,0.594853
472,0.190323,0.7903,-10.0645,0.502626,-0.109677,0.579882,0.069601,0.003164,-1.610348,0.501982,-0.110355,0.594853
473,0.190726,0.8407,-7.6452,0.501994,-0.109274,0.579868,0.035591,0.035825,-1.611574,0.501982,-0.109952,0.594853
474,0.191129,0.8911,-5.2258,0.501361,-0.108871,0.579881,0.001561,0.068482,-1.612275,0.501982,-0.109549,0.594853
475,0.191532,0.9415,-2.8065,0.500730,-0.108468,0.579921,-0.032486,0.101135,-1.612453,0.501982,-0.109146,0.594853
476,0.191935,0.9919,-0.3871,0.500100,-0.108065,0.579987,-0.066549,0.133778,-1.612104,0.501982,-0.108742,0.594853
477,0.192339,0.0423,2.0323,0.499475,-0.107661,0.580080,-0.100623,0.166410,-1.611231,0.501982,-0.108339,0.594853
478,0.192742,0.0927,4.4516,0.498853,-0.107258,0.580199,-0.134707,0.199028,-1.609831,0.501982,-0.107936,0.594853
479,0.193145,0.1431,6.8710,0.498237,-0.106855,0.580344,-0.168796,0.231629,-1.607904,0.501982,-0.107533,0.594853
480,0.193548,0.1935,9.2903,0.497628,-0.106452,0.580515,-0.202889,0.264210,-1.605448,0.501982,-0.107129,0.594853
481,0.193952,0.2440,11.7097,0.497027,-0.106048,0.580711,-0.236982,0.296768,-1.602464,0.501982,-0.106726,0.594853
482,0.194355,0.2944,9.8710,0.497483,-0.105645,0.580560,-0.211071,0.272026,-1.604780,0.501982,-0.106323,0.594853
483,0.194758,0.3448,7.4516,0.498090,-0.105242,0.580382,-0.176978,0.239450,-1.607362,0.501982,-0.105920,0.594853
484,0.195161,0.3952,5.0323,0.498705,-0.104839,0.580231,-0.142888,0.206854,-1.609416,0.501982,-0.105516,0.594853
485,0.195565,0.4456,2.6129,0.499325,-0.104435,0.580106,-0.108803,0.174240,-1.610943,0.501982,-0.105113,0.594853
486,0.195968,0.4960,0.1935,0.499950,-0.104032,0.580007,-0.074726,0.141611,-1.611943,0.501982,-0.104710,0.594853
487,0.196371,0.5464,-2.2258,0.500578,-0.103629,0.579934,-0.040660,0.108970,-1.612417,0.501982,-0.104307,0.594853
488,0.196774,0.5968,-4.6452,0.501209,-0.103226,0.579888,-0.006609,0.076320,-1.612366,0.501982,-0.103904,0.594853
489,0.197177,0.6472,-7.0645,0.501842,-0.102823,0.579869,0.027426,0.043663,-1.611790,0.501982,-0.103500,0.594853
490,0.197581,0.6976,-9.4839,0.502474,-0.102419,0.579876,0.061441,0.011002,-1.610690,0.501982,-0.103097,0.594853
491,0.197984,0.7480,-11.9032,0.503106,-0.102016,0.579911,0.095433,-0.021659,-1.609065,0.501982,-0.102694,0.594853
492,0.198387,0.7984,-9.6774,0.502525,-0.101613,0.579878,0.064161,0.008389,-1.610579,0.501982,-0.102291,0.594853
493,0.198790,0.8488,-7.2581,0.501892,-0.101210,0.579869,0.030148,0.041050,-1.611721,0.501982,-0.101887,0.594853
494,0.199194,0.8992,-4.8387,0.501260,-0.100806,0.579886,-0.003885,0.073707,-1.612339,0.501982,-0.101484,0.594853
495,0.199597,0.9496,-2.4194,0.500629,-0.100403,0.579930,-0.037935,0.106358,-1.612432,0.501982,-0.101081,0.594853
496,0.200000,0.0000,0.0000,0.500000,-0.100000,0.580000,-0.072000,0.139000,-1.612000,0.501982,-0.100678,0.594853
497,0.200403,0.0504,2.4194,0.499375,-0.099597,0.580097,-0.106076,0.171630,-1.611042,0.501982,-0.100275,0.594853
498,0.200806,0.1008,4.8387,0.498754,-0.099194,0.580220,-0.140161,0.204245,-1.609558,0.501982,-0.099871,0.594853
499,0.201210,0.1512,7.2581,0.498139,-0.098790,0.580369,-0.174251,0.236843,-1.607546,0.501982,-0.099468,0.594853
500,0.201613,0.2016,9.6774,0.497531,-0.098387,0.580545,-0.208344,0.269421,-1.605006,0.501982,-0.099065,0.594853
501,0.202016,0.2520,11.9032,0.496979,-0.097984,0.580728,-0.239709,0.299371,-1.602203,0.501982,-0.098662,0.594853
502,0.202419,0.3024,9.4839,0.497580,-0.097581,0.580530,-0.205616,0.266815,-1.605229,0.501982,-0.098258,0.594853
503,0.202823,0.3528,7.0645,0.498188,-0.097177,0.580357,-0.171523,0.234236,-1.607727,0.501982,-0.097855,0.594853
504,0.203226,0.4032,4.6452,0.498804,-0.096774,0.580209,-0.137434,0.201637,-1.609696,0.501982,-0.097452,0.594853
505,0.203629,0.4536,2.2258,0.499425,-0.096371,0.580088,-0.103350,0.169020,-1.611138,0.501982,-0.097049,0.594853
506,0.204032,0.5040,-0.1935,0.500050,-0.095968,0.579993,-0.069274,0.136389,-1.612054,0.501982,-0.096646,0.594853
507,0.204435,0.5544,-2.6129,0.500679,-0.095565,0.579925,-0.035211,0.103746,-1.612444,0.501982,-0.096242,0.594853
508,0.204839,0.6048,-5.0323,0.501310,-0.095161,0.579883,-0.001162,0.071095,-1.612309,0.501982,-0.095839,0.594853
509,0.205242,0.6552,-7.4516,0.501943,-0.094758,0.579868,0.032870,0.038437,-1.611649,0.501982,-0.095436,0.594853
510,0.205645,0.7056,-9.8710,0.502576,-0.094355,0.579880,0.066881,0.005777,-1.610465,0.501982,-0.095033,0.594853
511,0.206048,0.7560,-11.7097,0.503056,-0.093952,0.579907,0.092714,-0.019046,-1.609214,0.501982,-0.094629,0.594853
512,0.206452,0.8065,-9.2903,0.502424,-0.093548,0.579875,0.058720,0.013615,-1.610797,0.501982,-0.094226,0.594853
513,0.206855,0.8569,-6.8710,0.501791,-0.093145,0.579870,0.024704,0.046276,-1.611855,0.501982,-0.093823,0.594853
514,0.207258,0.9073,-4.4516,0.501159,-0.092742,0.579891,-0.009332,0.078932,-1.612389,0.501982,-0.093420,0.594853
515,0.207661,0.9577,-2.0323,0.500528,-0.092339,0.579939,-0.043385,0.111582,-1.612398,0.501982,-0.093016,0.594853
516,0.208065,0.0081,0.3871,0.499900,-0.091935,0.580014,-0.077451,0.144222,-1.611882,0.501982,-0.092613,0.594853
517,0.208468,0.0585,2.8065,0.499275,-0.091532,0.580115,-0.111529,0.176849,-1.610840,0.501982,-0.092210,0.594853
518,0.208871,0.1089,5.2258,0.498655,-0.091129,0.580242,-0.145615,0.209462,-1.609271,0.501982,-0.091807,0.594853
519,0.209274,0.1593,7.6452,0.498042,-0.090726,0.580396,-0.179705,0.242057,-1.607175,0.501982,-0.091404,0.594853
520,0.209677,0.2097,10.0645,0.497435,-0.090323,0.580575,-0.213799,0.274631,-1.604551,0.501982,-0.091000,0.594853
521,0.210081,0.2601,11.5161,0.497075,-0.089919,0.580695,-0.234254,0.294164,-1.602722,0.501982,-0.090597,0.594853
522,0.210484,0.3105,9.0968,0.497677,-0.089516,0.580500,-0.200161,0.261604,-1.605664,0.501982,-0.090194,0.594853
523,0.210887,0.3609,6.6774,0.498286,-0.089113,0.580331,-0.166069,0.229021,-1.608077,0.501982,-0.089791,0.594853
524,0.211290,0.4113,4.2581,0.498903,-0.088710,0.580188,-0.131980,0.196419,-1.609962,0.501982,-0.089387,0.594853
525,0.211694,0.4617,1.8387,0.499524,-0.088306,0.580071,-0.097897,0.163800,-1.611320,0.501982,-0.088984,0.594853
526,0.212097,0.5121,-0.5806,0.500151,-0.087903,0.579981,-0.063823,0.131167,-1.612152,0.501982,-0.088581,0.594853
527,0.212500,0.5625,-3.0000,0.500780,-0.087500,0.579917,-0.029762,0.098523,-1.612458,0.501982,-0.088178,0.594853
528,0.212903,0.6129,-5.4194,0.501412,-0.087097,0.579879,0.004284,0.065870,-1.612239,0.501982,-0.087775,0.594853
529,0.213306,0.6633,-7.8387,0.502044,-0.086694,0.579868,0.038313,0.033212,-1.611495,0.501982,-0.087371,0.594853
530,0.213710,0.7137,-10.2581,0.502677,-0.086290,0.579884,0.072321,0.000551,-1.610227,0.501982,-0.086968,0.594853
531,0.214113,0.7641,-11.3226,0.502955,-0.085887,0.579900,0.087277,-0.013820,-1.609503,0.501982,-0.086565,0.594853
532,0.214516,0.8145,-8.9032,0.502323,-0.085484,0.579872,0.053279,0.018841,-1.611002,0.501982,-0.086162,0.594853
533,0.214919,0.8649,-6.4839,0.501690,-0.085081,0.579871,0.019259,0.051501,-1.611976,0.501982,-0.085758,0.594853
534,0.215323,0.9153,-4.0645,0.501058,-0.084677,0.579897,-0.014780,0.084156,-1.612426,0.501982,-0.085355,0.594853
535,0.215726,0.9657,-1.6452,0.500427,-0.084274,0.579949,-0.048835,0.116805,-1.612351,0.501982,-0.084952,0.594853
536,0.216129,0.0161,0.7742,0.499799,-0.083871,0.580028,-0.082903,0.149443,-1.611751,0.501982,-0.084549,0.594853
537,0.216532,0.0665,3.1935,0.499176,-0.083468,0.580133,-0.116982,0.182069,-1.610624,0.501982,-0.084146,0.594853
538,0.216935,0.1169,5.6129,0.498557,-0.083065,0.580265,-0.151069,0.214679,-1.608971,0.501982,-0.083742,0.594853
539,0.217339,0.1673,8.0323,0.497944,-0.082661,0.580423,-0.185160,0.247270,-1.606791,0.501982,-0.083339,0.594853
540,0.217742,0.2177,10.4516,0.497338,-0.082258,0.580606,-0.219253,0.279841,-1.604082,0.501982,-0.082936,0.594853
541,0.218145,0.2681,11.1290,0.497170,-0.081855,0.580662,-0.228799,0.288956,-1.603229,0.501982,-0.082533,0.594853
542,0.218548,0.3185,8.7097,0.497774,-0.081452,0.580471,-0.194706,0.256392,-1.606086,0.501982,-0.082129,0.594853
543,0.218952,0.3690,6.2903,0.498385,-0.081048,0.580307,-0.160614,0.223806,-1.608414,0.501982,-0.081726,0.594853
544,0.219355,0.4194,3.8710,0.499002,-0.080645,0.580168,-0.126526,0.191201,-1.610215,0.501982,-0.081323,0.594853
545,0.219758,0.4698,1.4516,0.499624,-0.080242,0.580055,-0.092444,0.158580,-1.611488,0.501982,-0.080920,0.594853
546,0.220161,0.5202,-0.9677,0.500251,-0.079839,0.579969,-0.058373,0.125945,-1.612236,0.501982,-0.080516,0.594853
547,0.220565,0.5706,-3.3871,0.500881,-0.079435,0.579909,-0.024313,0.093299,-1.612458,0.501982,-0.080113,0.594853
548,0.220968,0.6210,-5.8065,0.501513,-0.079032,0.579876,0.009730,0.060645,-1.612155,0.501982,-0.079710,0.594853
549,0.221371,0.6714,-8.2258,0.502145,-0.078629,0.579869,0.043756,0.027986,-1.611327,0.501982,-0.079307,0.594853
550,0.221774,0.7218,-10.6452,0.502778,-0.078226,0.579890,0.077760,-0.004675,-1.609975,0.501982,-0.078904,0.594853
551,0.222177,0.7722,-10.9355,0.502854,-0.077823,0.579894,0.081839,-0.008595,-1.609778,0.501982,-0.078500,0.594853
552,0.222581,0.8226,-8.5161,0.502221,-0.077419,0.579870,0.047837,0.024067,-1.611193,0.501982,-0.078097,0.594853
553,0.222984,0.8730,-6.0968,0.501589,-0.077016,0.579874,0.013814,0.056726,-1.612083,0.501982,-0.077694,0.594853
554,0.223387,0.9234,-3.6774,0.500957,-0.076613,0.579903,-0.020227,0.089381,-1.612449,0.501982,-0.077291,0.594853
555,0.223790,0.9738,-1.2581,0.500327,-0.076210,0.579960,-0.054285,0.122028,-1.612290,0.501982,-0.076887,0.594853
556,0.224194,0.0242,1.1613,0.499699,-0.075806,0.580043,-0.088355,0.154664,-1.611606,0.501982,-0.076484,0.594853
557,0.224597,0.0746,3.5806,0.499076,-0.075403,0.580153,-0.122436,0.187287,-1.610395,0.501982,-0.076081,0.594853
558,0.225000,0.1250,6.0000,0.498458,-0.075000,0.580289,-0.156523,0.219895,-1.608658,0.501982,-0.075678,0.594853
559,0.225403,0.1754,8.4194,0.497847,-0.074597,0.580450,-0.190615,0.252483,-1.606393,0.501982,-0.075275,0.594853
560,0.225806,0.2258,10.8387,0.497242,-0.074194,0.580638,-0.224708,0.285050,-1.603599,0.501982,-0.074871,0.594853
561,0.226210,0.2762,10.7419,0.497266,-0.073790,0.580630,-0.223345,0.283748,-1.603721,0.501982,-0.074468,0.594853
562,0.226613,0.3266,8.3226,0.497871,-0.073387,0.580443,-0.189251,0.251180,-1.606494,0.501982,-0.074065,0.594853
563,0.227016,0.3770,5.9032,0.498483,-0.072984,0.580283,-0.155160,0.218591,-1.608738,0.501982,-0.073662,0.594853
564,0.227419,0.4274,3.4839,0.499101,-0.072581,0.580148,-0.121072,0.185983,-1.610454,0.501982,-0.073258,0.594853
565,0.227823,0.4778,1.0645,0.499724,-0.072177,0.580039,-0.086992,0.153359,-1.611643,0.501982,-0.072855,0.594853
566,0.228226,0.5282,-1.3548,0.500352,-0.071774,0.579957,-0.052922,0.120722,-1.612307,0.501982,-0.072452,0.594853
567,0.228629,0.5786,-3.7742,0.500982,-0.071371,0.579902,-0.018865,0.088075,-1.612445,0.501982,-0.072049,0.594853
568,0.229032,0.6290,-6.1935,0.501614,-0.070968,0.579873,0.015176,0.055420,-1.612058,0.501982,-0.071646,0.594853
569,0.229435,0.6794,-8.6129,0.502247,-0.070565,0.579871,0.049198,0.022760,-1.611146,0.501982,-0.071242,0.594853
570,0.229839,0.7298,-11.0323,0.502879,-0.070161,0.579895,0.083198,-0.009901,-1.609710,0.501982,-0.070839,0.594853
571,0.230242,0.7802,-10.5484,0.502753,-0.069758,0.579888,0.076400,-0.003369,-1.610039,0.501982,-0.070436,0.594853
572,0.230645,0.8306,-8.1290,0.502120,-0.069355,0.579869,0.042395,0.029293,-1.611370,0.501982,-0.070033,0.594853
573,0.231048,0.8810,-5.7097,0.501488,-0.068952,0.579877,0.008369,0.061951,-1.612177,0.501982,-0.069629,0.594853
574,0.231452,0.9315,-3.2903,0.500856,-0.068548,0.579911,-0.025676,0.094605,-1.612459,0.501982,-0.069226,0.594853
575,0.231855,0.9819,-0.8710,0.500226,-0.068145,0.579972,-0.059735,0.127250,-1.612216,0.501982,-0.068823,0.594853
576,0.232258,0.0323,1.5484,0.499599,-0.067742,0.580059,-0.093808,0.159885,-1.611448,0.501982,-0.068420,0.594853
577,0.232661,0.0827,3.9677,0.498977,-0.067339,0.580173,-0.127889,0.192506,-1.610153,0.501982,-0.068016,0.594853
578,0.233065,0.1331,6.3871,0.498360,-0.066935,0.580313,-0.161978,0.225110,-1.608331,0.501982,-0.067613,0.594853
579,0.233468,0.1835,8.8065,0.497749,-0.066532,0.580479,-0.196070,0.257695,-1.605982,0.501982,-0.067210,0.594853
580,0.233871,0.2339,11.2258,0.497146,-0.066129,0.580670,-0.230163,0.290258,-1.603103,0.501982,-0.066807,0.594853
581,0.234274,0.2843,10.3548,0.497363,-0.065726,0.580598,-0.217890,0.278538,-1.604201,0.501982,-0.066404,0.594853
582,0.234677,0.3347,7.9355,0.497968,-0.065323,0.580416,-0.183797,0.245967,-1.606888,0.501982,-0.066000,0.594853
583,0.235081,0.3851,5.5161,0.498581,-0.064919,0.580259,-0.149705,0.213375,-1.609048,0.501982,-0.065597,0.594853
584,0.235484,0.4355,3.0968,0.499200,-0.064516,0.580129,-0.115619,0.180764,-1.610680,0.501982,-0.065194,0.594853
585,0.235887,0.4859,0.6774,0.499825,-0.064113,0.580024,-0.081540,0.148138,-1.611785,0.501982,-0.064791,0.594853
586,0.236290,0.5363,-1.7419,0.500452,-0.063710,0.579947,-0.047472,0.115499,-1.612364,0.501982,-0.064387,0.594853
587,0.236694,0.5867,-4.1613,0.501083,-0.063306,0.579895,-0.013418,0.082850,-1.612418,0.501982,-0.063984,0.594853
588,0.237097,0.6371,-6.5806,0.501715,-0.062903,0.579871,0.020621,0.050195,-1.611947,0.501982,-0.063581,0.594853
589,0.237500,0.6875,-9.0000,0.502348,-0.062500,0.579873,0.054639,0.017535,-1.610952,0.501982,-0.063178,0.594853
590,0.237903,0.7379,-11.4194,0.502980,-0.062097,0.579902,0.088636,-0.015127,-1.609432,0.501982,-0.062775,0.594853
591,0.238306,0.7883,-10.1613,0.502651,-0.061694,0.579883,0.070961,0.001857,-1.610288,0.501982,-0.062371,0.594853
592,0.238710,0.8387,-7.7419,0.502019,-0.061290,0.579868,0.036952,0.034518,-1.611535,0.501982,-0.061968,0.594853
593,0.239113,0.8891,-5.3226,0.501386,-0.060887,0.579880,0.002923,0.067176,-1.612257,0.501982,-0.061565,0.594853
594,0.239516,0.9395,-2.9032,0.500755,-0.060484,0.579919,-0.031124,0.099829,-1.612456,0.501982,-0.061162,0.594853
595,0.239919,0.9899,-0.4839,0.500126,-0.060081,0.579984,-0.065186,0.132472,-1.612128,0.501982,-0.060758,0.594853
596,0.240323,0.0403,1.9355,0.499499,-0.059677,0.580075,-0.099260,0.165105,-1.611276,0.501982,-0.060355,0.594853
597,0.240726,0.0907,4.3548,0.498878,-0.059274,0.580193,-0.133343,0.197724,-1.609897,0.501982,-0.059952,0.594853
598,0.241129,0.1411,6.7742,0.498262,-0.058871,0.580337,-0.167432,0.230325,-1.607991,0.501982,-0.059549,0.594853
599,0.241532,0.1915,9.1935,0.497652,-0.058468,0.580507,-0.201525,0.262907,-1.605557,0.501982,-0.059146,0.594853
600,0.241935,0.2419,11.6129,0.497051,-0.058065,0.580703,-0.235618,0.295466,-1.602594,0.501982,-0.058742,0.594853
601,0.242339,0.2923,9.9677,0.497459,-0.057661,0.580567,-0.212435,0.273328,-1.604666,0.501982,-0.058339,0.594853
602,0.242742,0.3427,7.5484,0.498066,-0.057258,0.580389,-0.178342,0.240754,-1.607269,0.501982,-0.057936,0.594853
603,0.243145,0.3931,5.1290,0.498680,-0.056855,0.580237,-0.144251,0.208158,-1.609344,0.501982,-0.057533,0.594853
604,0.243548,0.4435,2.7097,0.499300,-0.056452,0.580110,-0.110166,0.175545,-1.610892,0.501982,-0.057129,0.594853
605,0.243952,0.4940,0.2903,0.499925,-0.056048,0.580010,-0.076089,0.142916,-1.611913,0.501982,-0.056726,0.594853
606,0.244355,0.5444,-2.1290,0.500553,-0.055645,0.579937,-0.042022,0.110276,-1.612408,0.501982,-0.056323,0.594853
607,0.244758,0.5948,-4.5484,0.501184,-0.055242,0.579890,-0.007970,0.077626,-1.612378,0.501982,-0.055920,0.594853
608,0.245161,0.6452,-6.9677,0.501816,-0.054839,0.579869,0.026065,0.044969,-1.611823,0.501982,-0.055516,0.594853
609,0.245565,0.6956,-9.3871,0.502449,-0.054435,0.579876,0.060080,0.012309,-1.610744,0.501982,-0.055113,0.594853
610,0.245968,0.7460,-11.8065,0.503081,-0.054032,0.579909,0.094073,-0.020353,-1.609140,0.501982,-0.054710,0.594853
611,0.246371,0.7964,-9.7742,0.502550,-0.053629,0.579879,0.065521,0.007083,-1.610522,0.501982,-0.054307,0.594853
612,0.246774,0.8468,-7.3548,0.501918,-0.053226,0.579868,0.031509,0.039744,-1.611686,0.501982,-0.053904,0.594853
613,0.247177,0.8972,-4.9355,0.501285,-0.052823,0.579885,-0.002523,0.072401,-1.612324,0.501982,-0.053500,0.594853
614,0.247581,0.9476,-2.5161,0.500654,-0.052419,0.579927,-0.036573,0.105052,-1.612438,0.501982,-0.053097,0.594853
615,0.247984,0.9980,-0.0968,0.500025,-0.052016,0.579997,-0.070637,0.137695,-1.612027,0.501982,-0.052694,0.594853
616,0.248387,0.0484,2.3226,0.499400,-0.051613,0.580093,-0.104713,0.170325,-1.611091,0.501982,-0.052291,0.594853
617,0.248790,0.0988,4.7419,0.498779,-0.051210,0.580215,-0.138797,0.202941,-1.609627,0.501982,-0.051887,0.594853
618,0.249194,0.1492,7.1613,0.498164,-0.050806,0.580363,-0.172887,0.235540,-1.607637,0.501982,-0.051484,0.594853
619,0.249597,0.1996,9.5806,0.497556,-0.050403,0.580537,-0.206980,0.268118,-1.605118,0.501982,-0.051081,0.594853
620,0.250000,0.2500,12.0000,0.496955,-0.050000,0.580737,-0.241073,0.300673,-1.602070,0.501982,-0.050678,0.594853
621,0.250403,0.3004,9.5806,0.497556,-0.049597,0.580537,-0.206980,0.268118,-1.605118,0.501982,-0.050275,0.594853
622,0.250806,0.3508,7.1613,0.498164,-0.049194,0.580363,-0.172887,0.235540,-1.607637,0.501982,-0.049871,0.594853
623,0.251210,0.4012,4.7419,0.498779,-0.048790,0.580215,-0.138797,0.202941,-1.609627,0.501982,-0.049468,0.594853
624,0.251613,0.4516,2.3226,0.499400,-0.048387,0.580093,-0.104713,0.170325,-1.611091,0.501982,-0.049065,0.594853
625,0.252016,0.5020,-0.0968,0.500025,-0.047984,0.579997,-0.070637,0.137695,-1.612027,0.501982,-0.048662,0.594853
626,0.252419,0.5524,-2.5161,0.500654,-0.047581,0.579927,-0.036573,0.105052,-1.612438,0.501982,-0.048258,0.594853
627,0.252823,0.6028,-4.9355,0.501285,-0.047177,0.579885,-0.002523,0.072401,-1.612324,0.501982,-0.047855,0.594853
628,0.253226,0.6532,-7.3548,0.501918,-0.046774,0.579868,0.031509,0.039744,-1.611686,0.501982,-0.047452,0.594853
629,0.253629,0.7036,-9.7742,0.502550,-0.046371,0.579879,0.065521,0.007083,-1.610522,0.501982,-0.047049,0.594853
630,0.254032,0.7540,-11.8065,0.503081,-0.045968,0.579909,0.094073,-0.020353,-1.609140,0.501982,-0.046646,0.594853
631,0.254435,0.8044,-9.3871,0.502449,-0.045565,0.579876,0.060080,0.012309,-1.610744,0.501982,-0.046242,0.594853
632,0.254839,0.8548,-6.9677,0.501816,-0.045161,0.579869,0.026065,0.044969,-1.611823,0.501982,-0.045839,0.594853
633,0.255242,0.9052,-4.5484,0.501184,-0.044758,0.579890,-0.007970,0.077626,-1.612378,0.501982,-0.045436,0.594853
634,0.255645,0.9556,-2.1290,0.500553,-0.044355,0.579937,-0.042022,0.110276,-1.612408,0.501982,-0.045033,0.594853
635,0.256048,0.0060,0.2903,0.499925,-0.043952,0.580010,-0.076089,0.142916,-1.611913,0.501982,-0.044629,0.594853
636,0.256452,0.0565,2.7097,0.499300,-0.043548,0.580110,-0.110166,0.175545,-1.610892,0.501982,-0.044226,0.594853
637,0.256855,0.1069,5.1290,0.498680,-0.043145,0.580237,-0.144251,0.208158,-1.609344,0.501982,-0.043823,0.594853
638,0.257258,0.1573,7.5484,0.498066,-0.042742,0.580389,-0.178342,0.240754,-1.607269,0.501982,-0.043420,0.594853
639,0.257661,0.2077,9.9677,0.497459,-0.042339,0.580567,-0.212435,0.273328,-1.604666,0.501982,-0.043016,0.594853
640,0.258065,0.2581,11.6129,0.497051,-0.041935,0.580703,-0.235618,0.295466,-1.602594,0.501982,-0.042613,0.594853
641,0.258468,0.3085,9.1935,0.497652,-0.041532,0.580507,-0.201525,0.262907,-1.605557,0.501982,-0.042210,0.594853
642,0.258871,0.3589,6.7742,0.498262,-0.041129,0.580337,-0.167432,0.230325,-1.607991,0.501982,-0.041807,0.594853
643,0.259274,0.4093,4.3548,0.498878,-0.040726,0.580193,-0.133343,0.197724,-1.609897,0.501982,-0.041404,0.594853
644,0.259677,0.4597,1.9355,0.499499,-0.040323,0.580075,-0.099260,0.165105,-1.611276,0.501982,-0.041000,0.594853
645,0.260081,0.5101,-0.4839,0.500126,-0.039919,0.579984,-0.065186,0.132472,-1.612128,0.501982,-0.040597,0.594853
646,0.260484,0.5605,-2.9032,0.500755,-0.039516,0.579919,-0.031124,0.099829,-1.612456,0.501982,-0.040194,0.594853
647,0.260887,0.6109,-5.3226,0.501386,-0.039113,0.579880,0.002923,0.067176,-1.612257,0.501982,-0.039791,0.594853
648,0.261290,0.6613,-7.7419,0.502019,-0.038710,0.579868,0.036952,0.034518,-1.611535,0.501982,-0.039387,0.594853
649,0.261694,0.7117,-10.1613,0.502651,-0.038306,0.579883,0.070961,0.001857,-1.610288,0.501982,-0.038984,0.594853
650,0.262097,0.7621,-11.4194,0.502980,-0.037903,0.579902,0.088636,-0.015127,-1.609432,0.501982,-0.038581,0.594853
651,0.262500,0.8125,-9.0000,0.502348,-0.037500,0.579873,0.054639,0.017535,-1.610952,0.501982,-0.038178,0.594853
652,0.262903,0.8629,-6.5806,0.501715,-0.037097,0.579871,0.020621,0.050195,-1.611947,0.501982,-0.037775,0.594853
653,0.263306,0.9133,-4.1613,0.501083,-0.036694,0.579895,-0.013418,0.082850,-1.612418,0.501982,-0.037371,0.594853
654,0.263710,0.9637,-1.7419,0.500452,-0.036290,0.579947,-0.047472,0.115499,-1.612364,0.501982,-0.036968,0.594853
655,0.264113,0.0141,0.6774,0.499825,-0.035887,0.580024,-0.081540,0.148138,-1.611785,0.501982,-0.036565,0.594853
656,0.264516,0.0645,3.0968,0.499200,-0.035484,0.580129,-0.115619,0.180764,-1.610680,0.501982,-0.036162,0.594853
657,0.264919,0.1149,5.5161,0.498581,-0.035081,0.580259,-0.149705,0.213375,-1.609048,0.501982,-0.035758,0.594853
658,0.265323,0.1653,7.9355,0.497968,-0.034677,0.580416,-0.183797,0.245967,-1.606888,0.501982,-0.035355,0.594853
659,0.265726,0.2157,10.3548,0.497363,-0.034274,0.580598,-0.217890,0.278538,-1.604201,0.501982,-0.034952,0.594853
660,0.266129,0.2661,11.2258,0.497146,-0.033871,0.580670,-0.230163,0.290258,-1.603103,0.501982,-0.034549,0.594853
661,0.266532,0.3165,8.8065,0.497749,-0.033468,0.580479,-0.196070,0.257695,-1.605982,0.501982,-0.034146,0.594853
662,0.266935,0.3669,6.3871,0.498360,-0.033065,0.580313,-0.161978,0.225110,-1.608331,0.501982,-0.033742,0.594853
663,0.267339,0.4173,3.9677,0.498977,-0.032661,0.580173,-0.127889,0.192506,-1.610153,0.501982,-0.033339,0.594853
664,0.267742,0.4677,1.5484,0.499599,-0.032258,0.580059,-0.093808,0.159885,-1.611448,0.501982,-0.032936,0.594853
665,0.268145,0.5181,-0.8710,0.500226,-0.031855,0.579972,-0.059735,0.127250,-1.612216,0.501982,-0.032533,0.594853
666,0.268548,0.5685,-3.2903,0.500856,-0.031452,0.579911,-0.025676,0.094605,-1.612459,0.501982,-0.032129,0.594853
667,0.268952,0.6190,-5.7097,0.501488,-0.031048,0.579877,0.008369,0.061951,-1.612177,0.501982,-0.031726,0.594853
668,0.269355,0.6694,-8.1290,0.502120,-0.030645,0.579869,0.042395,0.029293,-1.611370,0.501982,-0.031323,0.594853
669,0.269758,0.7198,-10.5484,0.502753,-0.030242,0.579888,0.076400,-0.003369,-1.610039,0.501982,-0.030920,0.594853
670,0.270161,0.7702,-11.0323,0.502879,-0.029839,0.579895,0.083198,-0.009901,-1.609710,0.501982,-0.030516,0.594853
671,0.270565,0.8206,-8.6129,0.502247,-0.029435,0.579871,0.049198,0.022760,-1.611146,0.501982,-0.030113,0.594853
672,0.270968,0.8710,-6.1935,0.501614,-0.029032,0.579873,0.015176,0.055420,-1.612058,0.501982,-0.029710,0.594853
673,0.271371,0.9214,-3.7742,0.500982,-0.028629,0.579902,-0.018865,0.088075,-1.612445,0.501982,-0.029307,0.594853
674,0.271774,0.9718,-1.3548,0.500352,-0.028226,0.579957,-0.052922,0.120722,-1.612307,0.501982,-0.028904,0.594853
675,0.272177,0.0222,1.0645,0.499724,-0.027823,0.580039,-0.086992,0.153359,-1.611643,0.501982,-0.028500,0.594853
676,0.272581,0.0726,3.4839,0.499101,-0.027419,0.580148,-0.121072,0.185983,-1.610454,0.501982,-0.028097,0.594853
677,0.272984,0.1230,5.9032,0.498483,-0.027016,0.580283,-0.155160,0.218591,-1.608738,0.501982,-0.027694,0.594853
678,0.273387,0.1734,8.3226,0.497871,-0.026613,0.580443,-0.189251,0.251180,-1.606494,0.501982,-0.027291,0.594853
679,0.273790,0.2238,10.7419,0.497266,-0.026210,0.580630,-0.223345,0.283748,-1.603721,0.501982,-0.026887,0.594853
680,0.274194,0.2742,10.8387,0.497242,-0.025806,0.580638,-0.224708,0.285050,-1.603599,0.501982,-0.026484,0.594853
681,0.274597,0.3246,8.4194,0.497847,-0.025403,0.580450,-0.190615,0.252483,-1.606393,0.501982,-0.026081,0.594853
682,0.275000,0.3750,6.0000,0.498458,-0.025000,0.580289,-0.156523,0.219895,-1.608658,0.501982,-0.025678,0.594853
683,0.275403,0.4254,3.5806,0.499076,-0.024597,0.580153,-0.122436,0.187287,-1.610395,0.501982,-0.025275,0.594853
684,0.275806,0.4758,1.1613,0.499699,-0.024194,0.580043,-0.088355,0.154664,-1.611606,0.501982,-0.024871,0.594853
685,0.276210,0.5262,-1.2581,0.500327,-0.023790,0.579960,-0.054285,0.122028,-1.612290,0.501982,-0.024468,0.594853
686,0.276613,0.5766,-3.6774,0.500957,-0.023387,0.579903,-0.020227,0.089381,-1.612449,0.501982,-0.024065,0.594853
687,0.277016,0.6270,-6.0968,0.501589,-0.022984,0.579874,0.013814,0.056726,-1.612083,0.501982,-0.023662,0.594853
688,0.277419,0.6774,-8.5161,0.502221,-0.022581,0.579870,0.047837,0.024067,-1.611193,0.501982,-0.023258,0.594853
689,0.277823,0.7278,-10.9355,0.502854,-0.022177,0.579894,0.081839,-0.008595,-1.609778,0.501982,-0.022855,0.594853
690,0.278226,0.7782,-10.6452,0.502778,-0.021774,0.579890,0.077760,-0.004675,-1.609975,0.501982,-0.022452,0.594853
691,0.278629,0.8286,-8.2258,0.502145,-0.021371,0.579869,0.043756,0.027986,-1.611327,0.501982,-0.022049,0.594853
692,0.279032,0.8790,-5.8065,0.501513,-0.020968,0.579876,0.009730,0.060645,-1.612155,0.501982,-0.021646,0.594853
693,0.279435,0.9294,-3.3871,0.500881,-0.020565,0.579909,-0.024313,0.093299,-1.612458,0.501982,-0.021242,0.594853
694,0.279839,0.9798,-0.9677,0.500251,-0.020161,0.579969,-0.058373,0.125945,-1.612236,0.501982,-0.020839,0.594853
695,0.280242,0.0302,1.4516,0.499624,-0.019758,0.580055,-0.092444,0.158580,-1.611488,0.501982,-0.020436,0.594853
696,0.280645,0.0806,3.8710,0.499002,-0.019355,0.580168,-0.126526,0.191201,-1.610215,0.501982,-0.020033,0.594853
697,0.281048,0.1310,6.2903,0.498385,-0.018952,0.580307,-0.160614,0.223806,-1.608414,0.501982,-0.019629,0.594853
698,0.281452,0.1815,8.7097,0.497774,-0.018548,0.580471,-0.194706,0.256392,-1.606086,0.501982,-0.019226,0.594853
699,0.281855,0.2319,11.1290,0.497170,-0.018145,0.580662,-0.228799,0.288956,-1.603229,0.501982,-0.018823,0.594853
700,0.282258,0.2823,10.4516,0.497338,-0.017742,0.580606,-0.219253,0.279841,-1.604082,0.501982,-0.018420,0.594853
701,0.282661,0.3327,8.0323,0.497944,-0.017339,0.580423,-0.185160,0.247270,-1.606791,0.501982,-0.018016,0.594853
702,0.283065,0.3831,5.6129,0.498557,-0.016935,0.580265,-0.151069,0.214679,-1.608971,0.501982,-0.017613,0.594853
703,0.283468,0.4335,3.1935,0.499176,-0.016532,0.580133,-0.116982,0.182069,-1.610624,0.501982,-0.017210,0.594853
704,0.283871,0.4839,0.7742,0.499799,-0.016129,0.580028,-0.082903,0.149443,-1.611751,0.501982,-0.016807,0.594853
705,0.284274,0.5343,-1.6452,0.500427,-0.015726,0.579949,-0.048835,0.116805,-1.612351,0.501982,-0.016404,0.594853
706,0.284677,0.5847,-4.0645,0.501058,-0.015323,0.579897,-0.014780,0.084156,-1.612426,0.501982,-0.016000,0.594853
707,0.285081,0.6351,-6.4839,0.501690,-0.014919,0.579871,0.019259,0.051501,-1.611976,0.501982,-0.015597,0.594853
708,0.285484,0.6855,-8.9032,0.502323,-0.014516,0.579872,0.053279,0.018841,-1.611002,0.501982,-0.015194,0.594853
709,0.285887,0.7359,-11.3226,0.502955,-0.014113,0.579900,0.087277,-0.013820,-1.609503,0.501982,-0.014791,0.594853
710,0.286290,0.7863,-10.2581,0.502677,-0.013710,0.579884,0.072321,0.000551,-1.610227,0.501982,-0.014387,0.594853
711,0.286694,0.8367,-7.8387,0.502044,-0.013306,0.579868,0.038313,0.033212,-1.611495,0.501982,-0.013984,0.594853
712,0.287097,0.8871,-5.4194,0.501412,-0.012903,0.579879,0.004284,0.065870,-1.612239,0.501982,-0.013581,0.594853
713,0.287500,0.9375,-3.0000,0.500780,-0.012500,0.579917,-0.029762,0.098523,-1.612458,0.501982,-0.013178,0.594853
714,0.287903,0.9879,-0.5806,0.500151,-0.012097,0.579981,-0.063823,0.131167,-1.612152,0.501982,-0.012775,0.594853
715,0.288306,0.0383,1.8387,0.499524,-0.011694,0.580071,-0.097897,0.163800,-1.611320,0.501982,-0.012371,0.594853
716,0.288710,0.0887,4.2581,0.498903,-0.011290,0.580188,-0.131980,0.196419,-1.609962,0.501982,-0.011968,0.594853
717,0.289113,0.1391,6.6774,0.498286,-0.010887,0.580331,-0.166069,0.229021,-1.608077,0.501982,-0.011565,0.594853
718,0.289516,0.1895,9.0968,0.497677,-0.010484,0.580500,-0.200161,0.261604,-1.605664,0.501982,-0.011162,0.594853
719,0.289919,0.2399,11.5161,0.497075,-0.010081,0.580695,-0.234254,0.294164,-1.602722,0.501982,-0.010758,0.594853
720,0.290323,0.2903,10.0645,0.497435,-0.009677,0.580575,-0.213799,0.274631,-1.604551,0.501982,-0.010355,0.594853
721,0.290726,0.3407,7.6452,0.498042,-0.009274,0.580396,-0.179705,0.242057,-1.607175,0.501982,-0.009952,0.594853
722,0.291129,0.3911,5.2258,0.498655,-0.008871,0.580242,-0.145615,0.209462,-1.609271,0.501982,-0.009549,0.594853
723,0.291532,0.4415,2.8065,0.499275,-0.008468,0.580115,-0.111529,0.176849,-1.610840,0.501982,-0.009146,0.594853
724,0.291935,0.4919,0.3871,0.499900,-0.008065,0.580014,-0.077451,0.144222,-1.611882,0.501982,-0.008742,0.594853
725,0.292339,0.5423,-2.0323,0.500528,-0.007661,0.579939,-0.043385,0.111582,-1.612398,0.501982,-0.008339,0.594853
726,0.292742,0.5927,-4.4516,0.501159,-0.007258,0.579891,-0.009332,0.078932,-1.612389,0.501982,-0.007936,0.594853
727,0.293145,0.6431,-6.8710,0.501791,-0.006855,0.579870,0.024704,0.046276,-1.611855,0.501982,-0.007533,0.594853
728,0.293548,0.6935,-9.2903,0.502424,-0.006452,0.579875,0.058720,0.013615,-1.610797,0.501982,-0.007129,0.594853
729,0.293952,0.7440,-11.7097,0.503056,-0.006048,0.579907,0.092714,-0.019046,-1.609214,0.501982,-0.006726,0.594853
730,0.294355,0.7944,-9.8710,0.502576,-0.005645,0.579880,0.066881,0.005777,-1.610465,0.501982,-0.006323,0.594853
731,0.294758,0.8448,-7.4516,0.501943,-0.005242,0.579868,0.032870,0.038437,-1.611649,0.501982,-0.005920,0.594853
732,0.295161,0.8952,-5.0323,0.501310,-0.004839,0.579883,-0.001162,0.071095,-1.612309,0.501982,-0.005516,0.594853
733,0.295565,0.9456,-2.6129,0.500679,-0.004435,0.579925,-0.035211,0.103746,-1.612444,0.501982,-0.005113,0.594853
734,0.295968,0.9960,-0.1935,0.500050,-0.004032,0.579993,-0.069274,0.136389,-1.612054,0.501982,-0.004710,0.594853
735,0.296371,0.0464,2.2258,0.499425,-0.003629,0.580088,-0.103350,0.169020,-1.611138,0.501982,-0.004307,0.594853
736,0.296774,0.0968,4.6452,0.498804,-0.003226,0.580209,-0.137434,0.201637,-1.609696,0.501982,-0.003904,0.594853
737,0.297177,0.1472,7.0645,0.498188,-0.002823,0.580357,-0.171523,0.234236,-1.607727,0.501982,-0.003500,0.594853
738,0.297581,0.1976,9.4839,0.497580,-0.002419,0.580530,-0.205616,0.266815,-1.605229,0.501982,-0.003097,0.594853
739,0.297984,0.2480,11.9032,0.496979,-0.002016,0.580728,-0.239709,0.299371,-1.602203,0.501982,-0.002694,0.594853
740,0.298387,0.2984,9.6774,0.497531,-0.001613,0.580545,-0.208344,0.269421,-1.605006,0.501982,-0.002291,0.594853
741,0.298790,0.3488,7.2581,0.498139,-0.001210,0.580369,-0.174251,0.236843,-1.607546,0.501982,-0.001887,0.594853
742,0.299194,0.3992,4.8387,0.498754,-0.000806,0.580220,-0.140161,0.204245,-1.609558,0.501982,-0.001484,0.594853
743,0.299597,0.4496,2.4194,0.499375,-0.000403,0.580097,-0.106076,0.171630,-1.611042,0.501982,-0.001081,0.594853
744,0.300000,0.5000,0.0000,0.500000,0.000000,0.580000,-0.072000,0.139000,-1.612000,0.501982,-0.000678,0.594853
745,0.300403,0.5504,-2.4194,0.500629,0.000403,0.579930,-0.037935,0.106358,-1.612432,0.501982,-0.000275,0.594853
746,0.300806,0.6008,-4.8387,0.501260,0.000806,0.579886,-0.003885,0.073707,-1.612339,0.501982,0.000129,0.594853
747,0.301210,0.6512,-7.2581,0.501892,0.001210,0.579869,0.030148,0.041050,-1.611721,0.501982,0.000532,0.594853
748,0.301613,0.7016,-9.6774,0.502525,0.001613,0.579878,0.064161,0.008389,-1.610579,0.501982,0.000935,0.594853
749,0.302016,0.7520,-11.9032,0.503106,0.002016,0.579911,0.095433,-0.021659,-1.609065,0.501982,0.001338,0.594853
750,0.302419,0.8024,-9.4839,0.502474,0.002419,0.579876,0.061441,0.011002,-1.610690,0.501982,0.001742,0.594853
751,0.302823,0.8528,-7.0645,0.501842,0.002823,0.579869,0.027426,0.043663,-1.611790,0.501982,0.002145,0.594853
752,0.303226,0.9032,-4.6452,0.501209,0.003226,0.579888,-0.006609,0.076320,-1.612366,0.501982,0.002548,0.594853
753,0.303629,0.9536,-2.2258,0.500578,0.003629,0.579934,-0.040660,0.108970,-1.612417,0.501982,0.002951,0.594853
754,0.304032,0.0040,0.1935,0.499950,0.004032,0.580007,-0.074726,0.141611,-1.611943,0.501982,0.003354,0.594853
755,0.304435,0.0544,2.6129,0.499325,0.004435,0.580106,-0.108803,0.174240,-1.610943,0.501982,0.003758,0.594853
756,0.304839,0.1048,5.0323,0.498705,0.004839,0.580231,-0.142888,0.206854,-1.609416,0.501982,0.004161,0.594853
757,0.305242,0.1552,7.4516,0.498090,0.005242,0.580382,-0.176978,0.239450,-1.607362,0.501982,0.004564,0.594853
758,0.305645,0.2056,9.8710,0.497483,0.005645,0.580560,-0.211071,0.272026,-1.604780,0.501982,0.004967,0.594853
759,0.306048,0.2560,11.7097,0.497027,0.006048,0.580711,-0.236982,0.296768,-1.602464,0.501982,0.005371,0.594853
760,0.306452,0.3065,9.2903,0.497628,0.006452,0.580515,-0.202889,0.264210,-1.605448,0.501982,0.005774,0.594853
761,0.306855,0.3569,6.8710,0.498237,0.006855,0.580344,-0.168796,0.231629,-1.607904,0.501982,0.006177,0.594853
762,0.307258,0.4073,4.4516,0.498853,0.007258,0.580199,-0.134707,0.199028,-1.609831,0.501982,0.006580,0.594853
763,0.307661,0.4577,2.0323,0.499475,0.007661,0.580080,-0.100623,0.166410,-1.611231,0.501982,0.006984,0.594853
764,0.308065,0.5081,-0.3871,0.500100,0.008065,0.579987,-0.066549,0.133778,-1.612104,0.501982,0.007387,0.594853
765,0.308468,0.5585,-2.8065,0.500730,0.008468,0.579921,-0.032486,0.101135,-1.612453,0.501982,0.007790,0.594853
766,0.308871,0.6089,-5.2258,0.501361,0.008871,0.579881,0.001561,0.068482,-1.612275,0.501982,0.008193,0.594853
767,0.309274,0.6593,-7.6452,0.501994,0.009274,0.579868,0.035591,0.035825,-1.611574,0.501982,0.008596,0.594853
768,0.309677,0.7097,-10.0645,0.502626,0.009677,0.579882,0.069601,0.003164,-1.610348,0.501982,0.009000,0.594853
769,0.310081,0.7601,-11.5161,0.503005,0.010081,0.579903,0.089995,-0.016433,-1.609360,0.501982,0.009403,0.594853
770,0.310484,0.8105,-9.0968,0.502373,0.010484,0.579873,0.056000,0.016228,-1.610901,0.501982,0.009806,0.594853
771,0.310887,0.8609,-6.6774,0.501741,0.010887,0.579870,0.021982,0.048888,-1.611917,0.501982,0.010209,0.594853
772,0.311290,0.9113,-4.2581,0.501108,0.011290,0.579894,-0.012056,0.081544,-1.612409,0.501982,0.010613,0.594853
773,0.311694,0.9617,-1.8387,0.500478,0.011694,0.579944,-0.046110,0.114193,-1.612376,0.501982,0.011016,0.594853
774,0.312097,0.0121,0.5806,0.499850,0.012097,0.580021,-0.080177,0.146832,-1.611818,0.501982,0.011419,0.594853
775,0.312500,0.0625,3.0000,0.499225,0.012500,0.580124,-0.114256,0.179459,-1.610734,0.501982,0.011822,0.594853
776,0.312903,0.1129,5.4194,0.498606,0.012903,0.580254,-0.148342,0.212070,-1.609123,0.501982,0.012225,0.594853
777,0.313306,0.1633,7.8387,0.497993,0.013306,0.580409,-0.182433,0.244664,-1.606985,0.501982,0.012629,0.594853
778,0.313710,0.2137,10.2581,0.497387,0.013710,0.580590,-0.216526,0.277236,-1.604318,0.501982,0.013032,0.594853
779,0.314113,0.2641,11.3226,0.497122,0.014113,0.580678,-0.231527,0.291560,-1.602977,0.501982,0.013435,0.594853
780,0.314516,0.3145,8.9032,0.497725,0.014516,0.580486,-0.197434,0.258998,-1.605877,0.501982,0.013838,0.594853
781,0.314919,0.3649,6.4839,0.498335,0.014919,0.580319,-0.163341,0.226414,-1.608247,0.501982,0.014242,0.594853
782,0.315323,0.4153,4.0645,0.498952,0.015323,0.580178,-0.129253,0.193810,-1.610090,0.501982,0.014645,0.594853
783,0.315726,0.4657,1.6452,0.499574,0.015726,0.580063,-0.095171,0.161190,-1.611406,0.501982,0.015048,0.594853
784,0.316129,0.5161,-0.7742,0.500201,0.016129,0.579975,-0.061098,0.128556,-1.612195,0.501982,0.015451,0.594853
785,0.316532,0.5665,-3.1935,0.500831,0.016532,0.579913,-0.027038,0.095911,-1.612459,0.501982,0.015854,0.594853
786,0.316935,0.6169,-5.6129,0.501462,0.016935,0.579877,0.007007,0.063258,-1.612198,0.501982,0.016258,0.594853
787,0.317339,0.6673,-8.0323,0.502095,0.017339,0.579869,0.041034,0.030599,-1.611413,0.501982,0.016661,0.594853
788,0.317742,0.7177,-10.4516,0.502727,0.017742,0.579887,0.075040,-0.002062,-1.610103,0.501982,0.017064,0.594853
789,0.318145,0.7681,-11.1290,0.502904,0.018145,0.579897,0.084558,-0.011207,-1.609642,0.501982,0.017467,0.594853
790,0.318548,0.8185,-8.7097,0.502272,0.018548,0.579871,0.050558,0.021454,-1.611099,0.501982,0.017871,0.594853
791,0.318952,0.8690,-6.2903,0.501639,0.018952,0.579872,0.016537,0.054114,-1.612031,0.501982,0.018274,0.594853
792,0.319355,0.9194,-3.8710,0.501007,0.019355,0.579900,-0.017503,0.086769,-1.612439,0.501982,0.018677,0.594853
793,0.319758,0.9698,-1.4516,0.500377,0.019758,0.579955,-0.051560,0.119416,-1.612322,0.501982,0.019080,0.594853
794,0.320161,0.0202,0.9677,0.499749,0.020161,0.580036,-0.085629,0.152054,-1.611680,0.501982,0.019484,0.594853
795,0.320565,0.0706,3.3871,0.499126,0.020565,0.580143,-0.119709,0.184678,-1.610512,0.501982,0.019887,0.594853
796,0.320968,0.1210,5.8065,0.498508,0.020968,0.580277,-0.153796,0.217287,-1.608816,0.501982,0.020290,0.594853
797,0.321371,0.1714,8.2258,0.497895,0.021371,0.580436,-0.187888,0.249877,-1.606594,0.501982,0.020693,0.594853
798,0.321774,0.2218,10.6452,0.497290,0.021774,0.580622,-0.221981,0.282445,-1.603842,0.501982,0.021096,0.594853
799,0.322177,0.2722,10.9355,0.497218,0.022177,0.580646,-0.226072,0.286352,-1.603477,0.501982,0.021500,0.594853
800,0.322581,0.3226,8.5161,0.497822,0.022581,0.580457,-0.191979,0.253786,-1.606292,0.501982,0.021903,0.594853
801,0.322984,0.3730,6.0968,0.498434,0.022984,0.580295,-0.157887,0.221199,-1.608578,0.501982,0.022306,0.594853
802,0.323387,0.4234,3.6774,0.499051,0.023387,0.580158,-0.123799,0.188592,-1.610336,0.501982,0.022709,0.594853
803,0.323790,0.4738,1.2581,0.499674,0.023790,0.580047,-0.089718,0.155969,-1.611568,0.501982,0.023113,0.594853
804,0.324194,0.5242,-1.1613,0.500301,0.024194,0.579963,-0.055647,0.123333,-1.612273,0.501982,0.023516,0.594853
805,0.324597,0.5746,-3.5806,0.500931,0.024597,0.579905,-0.021589,0.090687,-1.612453,0.501982,0.023919,0.594853
806,0.325000,0.6250,-6.0000,0.501563,0.025000,0.579874,0.012453,0.058032,-1.612108,0.501982,0.024322,0.594853
807,0.325403,0.6754,-8.4194,0.502196,0.025403,0.579870,0.046477,0.025373,-1.611238,0.501982,0.024725,0.594853
808,0.325806,0.7258,-10.8387,0.502828,0.025806,0.579892,0.080479,-0.007288,-1.609845,0.501982,0.025129,0.594853
809,0.326210,0.7762,-10.7419,0.502803,0.026210,0.579891,0.079119,-0.005982,-1.609910,0.501982,0.025532,0.594853
810,0.326613,0.8266,-8.3226,0.502171,0.026613,0.579870,0.045116,0.026680,-1.611283,0.501982,0.025935,0.594853
811,0.327016,0.8770,-5.9032,0.501538,0.027016,0.579875,0.011092,0.059339,-1.612132,0.501982,0.026338,0.594853
812,0.327419,0.9274,-3.4839,0.500906,0.027419,0.579907,-0.022951,0.091993,-1.612456,0.501982,0.026742,0.594853
813,0.327823,0.9778,-1.0645,0.500276,0.027823,0.579966,-0.057010,0.124639,-1.612255,0.501982,0.027145,0.594853
814,0.328226,0.0282,1.3548,0.499649,0.028226,0.580051,-0.091081,0.157274,-1.611528,0.501982,0.027548,0.594853
815,0.328629,0.0786,3.7742,0.499027,0.028629,0.580163,-0.125162,0.189897,-1.610276,0.501982,0.027951,0.594853
816,0.329032,0.1290,6.1935,0.498409,0.029032,0.580301,-0.159251,0.222502,-1.608496,0.501982,0.028354,0.594853
817,0.329435,0.1794,8.6129,0.497798,0.029435,0.580464,-0.193343,0.255089,-1.606189,0.501982,0.028758,0.594853
818,0.329839,0.2298,11.0323,0.497194,0.029839,0.580654,-0.227436,0.287654,-1.603353,0.501982,0.029161,0.594853
819,0.330242,0.2802,10.5484,0.497314,0.030242,0.580614,-0.220617,0.281143,-1.603963,0.501982,0.029564,0.594853
820,0.330645,0.3306,8.1290,0.497920,0.030645,0.580429,-0.186524,0.248573,-1.606693,0.501982,0.029967,0.594853
821,0.331048,0.3810,5.7097,0.498532,0.031048,0.580271,-0.152433,0.215983,-1.608894,0.501982,0.030371,0.594853
822,0.331452,0.4315,3.2903,0.499151,0.031452,0.580138,-0.118346,0.183373,-1.610568,0.501982,0.030774,0.594853
823,0.331855,0.4819,0.8710,0.499774,0.031855,0.580032,-0.084266,0.150748,-1.611716,0.501982,0.031177,0.594853
824,0.332258,0.5323,-1.5484,0.500402,0.032258,0.579952,-0.050197,0.118110,-1.612337,0.501982,0.031580,0.594853
825,0.332661,0.5827,-3.9677,0.501033,0.032661,0.579898,-0.016141,0.085462,-1.612433,0.501982,0.031984,0.594853
826,0.333065,0.6331,-6.3871,0.501665,0.033065,0.579872,0.017898,0.052807,-1.612004,0.501982,0.032387,0.594853
827,0.333468,0.6835,-8.8065,0.502297,0.033468,0.579872,0.051919,0.020147,-1.611051,0.501982,0.032790,0.594853
828,0.333871,0.7339,-11.2258,0.502929,0.033871,0.579898,0.085917,-0.012514,-1.609573,0.501982,0.033193,0.594853
829,0.334274,0.7843,-10.3548,0.502702,0.034274,0.579886,0.073680,-0.000756,-1.610165,0.501982,0.033596,0.594853
830,0.334677,0.8347,-7.9355,0.502070,0.034677,0.579869,0.039674,0.031905,-1.611454,0.501982,0.034000,0.594853
831,0.335081,0.8851,-5.5161,0.501437,0.035081,0.579878,0.005646,0.064564,-1.612219,0.501982,0.034403,0.594853
832,0.335484,0.9355,-3.0968,0.500805,0.035484,0.579915,-0.028400,0.097217,-1.612459,0.501982,0.034806,0.594853
833,0.335887,0.9859,-0.6774,0.500176,0.035887,0.579978,-0.062461,0.129861,-1.612174,0.501982,0.035209,0.594853
834,0.336290,0.0363,1.7419,0.499549,0.036290,0.580067,-0.096534,0.162495,-1.611363,0.501982,0.035613,0.594853
835,0.336694,0.0867,4.1613,0.498927,0.036694,0.580183,-0.130616,0.195115,-1.610027,0.501982,0.036016,0.594853
836,0.337097,0.1371,6.5806,0.498311,0.037097,0.580325,-0.164705,0.227718,-1.608163,0.501982,0.036419,0.594853
837,0.337500,0.1875,9.0000,0.497701,0.037500,0.580493,-0.198798,0.260301,-1.605771,0.501982,0.036822,0.594853
838,0.337903,0.2379,11.4194,0.497099,0.037903,0.580686,-0.232891,0.292862,-1.602850,0.501982,0.037225,0.594853
839,0.338306,0.2883,10.1613,0.497411,0.038306,0.580583,-0.215162,0.275933,-1.604435,0.501982,0.037629,0.594853
840,0.338710,0.3387,7.7419,0.498017,0.038710,0.580402,-0.181069,0.243360,-1.607081,0.501982,0.038032,0.594853
841,0.339113,0.3891,5.3226,0.498631,0.039113,0.580248,-0.146978,0.210766,-1.609198,0.501982,0.038435,0.594853
842,0.339516,0.4395,2.9032,0.499250,0.039516,0.580119,-0.112892,0.178154,-1.610787,0.501982,0.038838,0.594853
843,0.339919,0.4899,0.4839,0.499875,0.039919,0.580017,-0.078814,0.145527,-1.611851,0.501982,0.039242,0.594853
844,0.340323,0.5403,-1.9355,0.500503,0.040323,0.579942,-0.044747,0.112887,-1.612388,0.501982,0.039645,0.594853
845,0.340726,0.5907,-4.3548,0.501134,0.040726,0.579892,-0.010694,0.080238,-1.612400,0.501982,0.040048,0.594853
846,0.341129,0.6411,-6.7742,0.501766,0.041129,0.579870,0.023343,0.047582,-1.611887,0.501982,0.040451,0.594853
847,0.341532,0.6915,-9.1935,0.502399,0.041532,0.579874,0.057360,0.014922,-1.610849,0.501982,0.040854,0.594853
848,0.341935,0.7419,-11.6129,0.503030,0.041935,0.579905,0.091355,-0.017740,-1.609288,0.501982,0.041258,0.594853
849,0.342339,0.7923,-9.9677,0.502601,0.042339,0.579881,0.068241,0.004470,-1.610407,0.501982,0.041661,0.594853
850,0.342742,0.8427,-7.5484,0.501968,0.042742,0.579868,0.034231,0.037131,-1.611612,0.501982,0.042064,0.594853
851,0.343145,0.8931,-5.1290,0.501336,0.043145,0.579882,0.000200,0.069789,-1.612293,0.501982,0.042467,0.594853
852,0.343548,0.9435,-2.7097,0.500704,0.043548,0.579923,-0.033849,0.102440,-1.612449,0.501982,0.042871,0.594853
853,0.343952,0.9940,-0.2903,0.500075,0.043952,0.579990,-0.067912,0.135084,-1.612080,0.501982,0.043274,0.594853
854,0.344355,0.0444,2.1290,0.499450,0.044355,0.580084,-0.101986,0.167715,-1.611185,0.501982,0.043677,0.594853
855,0.344758,0.0948,4.5484,0.498828,0.044758,0.580204,-0.136070,0.200332,-1.609764,0.501982,0.044080,0.594853
856,0.345161,0.1452,6.9677,0.498213,0.045161,0.580350,-0.170160,0.232932,-1.607815,0.501982,0.044484,0.594853
857,0.345565,0.1956,9.3871,0.497604,0.045565,0.580522,-0.204252,0.265512,-1.605339,0.501982,0.044887,0.594853
858,0.345968,0.2460,11.8065,0.497003,0.045968,0.580720,-0.238345,0.298070,-1.602334,0.501982,0.045290,0.594853
859,0.346371,0.2964,9.7742,0.497507,0.046371,0.580552,-0.209707,0.270723,-1.604894,0.501982,0.045693,0.594853
860,0.346774,0.3468,7.3548,0.498115,0.046774,0.580376,-0.175614,0.238147,-1.607455,0.501982,0.046096,0.594853
861,0.347177,0.3972,4.9355,0.498729,0.047177,0.580226,-0.141524,0.205550,-1.609487,0.501982,0.046500,0.594853
862,0.347581,0.4476,2.5161,0.499350,0.047581,0.580101,-0.107439,0.172935,-1.610993,0.501982,0.046903,0.594853
863,0.347984,0.4980,0.0968,0.499975,0.047984,0.580003,-0.073363,0.140305,-1.611972,0.501982,0.047306,0.594853
864,0.348387,0.5484,-2.3226,0.500604,0.048387,0.579932,-0.039298,0.107664,-1.612425,0.501982,0.047709,0.594853
865,0.348790,0.5988,-4.7419,0.501235,0.048790,0.579887,-0.005247,0.075013,-1.612353,0.501982,0.048113,0.594853
866,0.349194,0.6492,-7.1613,0.501867,0.049194,0.579869,0.028787,0.042356,-1.611756,0.501982,0.048516,0.594853
867,0.349597,0.6996,-9.5806,0.502500,0.049597,0.579877,0.062801,0.009696,-1.610635,0.501982,0.048919,0.594853
868,0.350000,0.7500,-12.0000,0.503131,0.050000,0.579913,0.096792,-0.022966,-1.608989,0.501982,0.049322,0.594853
869,0.350403,0.8004,-9.5806,0.502500,0.050403,0.579877,0.062801,0.009696,-1.610635,0.501982,0.049725,0.594853
870,0.350806,0.8508,-7.1613,0.501867,0.050806,0.579869,0.028787,0.042356,-1.611756,0.501982,0.050129,0.594853
871,0.351210,0.9012,-4.7419,0.501235,0.051210,0.579887,-0.005247,0.075013,-1.612353,0.501982,0.050532,0.594853
872,0.351613,0.9516,-2.3226,0.500604,0.051613,0.579932,-0.039298,0.107664,-1.612425,0.501982,0.050935,0.594853
873,0.352016,0.0020,0.0968,0.499975,0.052016,0.580003,-0.073363,0.140305,-1.611972,0.501982,0.051338,0.594853
874,0.352419,0.0524,2.5161,0.499350,0.052419,0.580101,-0.107439,0.172935,-1.610993,0.501982,0.051742,0.594853
875,0.352823,0.1028,4.9355,0.498729,0.052823,0.580226,-0.141524,0.205550,-1.609487,0.501982,0.052145,0.594853
876,0.353226,0.1532,7.3548,0.498115,0.053226,0.580376,-0.175614,0.238147,-1.607455,0.501982,0.052548,0.594853
877,0.353629,0.2036,9.7742,0.497507,0.053629,0.580552,-0.209707,0.270723,-1.604894,0.501982,0.052951,0.594853
878,0.354032,0.2540,11.8065,0.497003,0.054032,0.580720,-0.238345,0.298070,-1.602334,0.501982,0.053354,0.594853
879,0.354435,0.3044,9.3871,0.497604,0.054435,0.580522,-0.204252,0.265512,-1.605339,0.501982,0.053758,0.594853
880,0.354839,0.3548,6.9677,0.498213,0.054839,0.580350,-0.170160,0.232932,-1.607815,0.501982,0.054161,0.594853
881,0.355242,0.4052,4.5484,0.498828,0.055242,0.580204,-0.136070,0.200332,-1.609764,0.501982,0.054564,0.594853
882,0.355645,0.4556,2.1290,0.499450,0.055645,0.580084,-0.101986,0.167715,-1.611185,0.501982,0.054967,0.594853
883,0.356048,0.5060,-0.2903,0.500075,0.056048,0.579990,-0.067912,0.135084,-1.612080,0.501982,0.055371,0.594853
884,0.356452,0.5565,-2.7097,0.500704,0.056452,0.579923,-0.033849,0.102440,-1.612449,0.501982,0.055774,0.594853
885,0.356855,0.6069,-5.1290,0.501336,0.056855,0.579882,0.000200,0.069789,-1.612293,0.501982,0.056177,0.594853
886,0.357258,0.6573,-7.5484,0.501968,0.057258,0.579868,0.034231,0.037131,-1.611612,0.501982,0.056580,0.594853
887,0.357661,0.7077,-9.9677,0.502601,0.057661,0.579881,0.068241,0.004470,-1.610407,0.501982,0.056984,0.594853
888,0.358065,0.7581,-11.6129,0.503030,0.058065,0.579905,0.091355,-0.017740,-1.609288,0.501982,0.057387,0.594853
889,0.358468,0.8085,-9.1935,0.502399,0.058468,0.579874,0.057360,0.014922,-1.610849,0.501982,0.057790,0.594853
890,0.358871,0.8589,-6.7742,0.501766,0.058871,0.579870,0.023343,0.047582,-1.611887,0.501982,0.058193,0.594853
891,0.359274,0.9093,-4.3548,0.501134,0.059274,0.579892,-0.010694,0.080238,-1.612400,0.501982,0.058596,0.594853
892,0.359677,0.9597,-1.9355,0.500503,0.059677,0.579942,-0.044747,0.112887,-1.612388,0.501982,0.059000,0.594853
893,0.360081,0.0101,0.4839,0.499875,0.060081,0.580017,-0.078814,0.145527,-1.611851,0.501982,0.059403,0.594853
894,0.360484,0.0605,2.9032,0.499250,0.060484,0.580119,-0.112892,0.178154,-1.610787,0.501982,0.059806,0.594853
895,0.360887,0.1109,5.3226,0.498631,0.060887,0.580248,-0.146978,0.210766,-1.609198,0.501982,0.060209,0.594853
896,0.361290,0.1613,7.7419,0.498017,0.061290,0.580402,-0.181069,0.243360,-1.607081,0.501982,0.060613,0.594853
897,0.361694,0.2117,10.1613,0.497411,0.061694,0.580583,-0.215162,0.275933,-1.604435,0.501982,0.061016,0.594853
898,0.362097,0.2621,11.4194,0.497099,0.062097,0.580686,-0.232891,0.292862,-1.602850,0.501982,0.061419,0.594853
899,0.362500,0.3125,9.0000,0.497701,0.062500,0.580493,-0.198798,0.260301,-1.605771,0.501982,0.061822,0.594853
900,0.362903,0.3629,6.5806,0.498311,0.062903,0.580325,-0.164705,0.227718,-1.608163,0.501982,0.062225,0.594853
901,0.363306,0.4133,4.1613,0.498927,0.063306,0.580183,-0.130616,0.195115,-1.610027,0.501982,0.062629,0.594853
902,0.363710,0.4637,1.7419,0.499549,0.063710,0.580067,-0.096534,0.162495,-1.611363,0.501982,0.063032,0.594853
903,0.364113,0.5141,-0.6774,0.500176,0.064113,0.579978,-0.062461,0.129861,-1.612174,0.501982,0.063435,0.594853
904,0.364516,0.5645,-3.0968,0.500805,0.064516,0.579915,-0.028400,0.097217,-1.612459,0.501982,0.063838,0.594853
905,0.364919,0.6149,-5.5161,0.501437,0.064919,0.579878,0.005646,0.064564,-1.612219,0.501982,0.064242,0.594853
906,0.365323,0.6653,-7.9355,0.502070,0.065323,0.579869,0.039674,0.031905,-1.611454,0.501982,0.064645,0.594853
907,0.365726,0.7157,-10.3548,0.502702,0.065726,0.579886,0.073680,-0.000756,-1.610165,0.501982,0.065048,0.594853
908,0.366129,0.7661,-11.2258,0.502929,0.066129,0.579898,0.085917,-0.012514,-1.609573,0.501982,0.065451,0.594853
909,0.366532,0.8165,-8.8065,0.502297,0.066532,0.579872,0.051919,0.020147,-1.611051,0.501982,0.065854,0.594853
910,0.366935,0.8669,-6.3871,0.501665,0.066935,0.579872,0.017898,0.052807,-1.612004,0.501982,0.066258,0.594853
911,0.367339,0.9173,-3.9677,0.501033,0.067339,0.579898,-0.016141,0.085462,-1.612433,0.501982,0.066661,0.594853
912,0.367742,0.9677,-1.5484,0.500402,0.067742,0.579952,-0.050197,0.118110,-1.612337,0.501982,0.067064,0.594853
913,0.368145,0.0181,0.8710,0.499774,0.068145,0.580032,-0.084266,0.150748,-1.611716,0.501982,0.067467,0.594853
914,0.368548,0.0685,3.2903,0.499151,0.068548,0.580138,-0.118346,0.183373,-1.610568,0.501982,0.067871,0.594853
915,0.368952,0.1190,5.7097,0.498532,0.068952,0.580271,-0.152433,0.215983,-1.608894,0.501982,0.068274,0.594853
916,0.369355,0.1694,8.1290,0.497920,0.069355,0.580429,-0.186524,0.248573,-1.606693,0.501982,0.068677,0.594853
917,0.369758,0.2198,10.5484,0.497314,0.069758,0.580614,-0.220617,0.281143,-1.603963,0.501982,0.069080,0.594853
918,0.370161,0.2702,11.0323,0.497194,0.070161,0.580654,-0.227436,0.287654,-1.603353,0.501982,0.069484,0.594853
919,0.370565,0.3206,8.6129,0.497798,0.070565,0.580464,-0.193343,0.255089,-1.606189,0.501982,0.069887,0.594853
920,0.370968,0.3710,6.1935,0.498409,0.070968,0.580301,-0.159251,0.222502,-1.608496,0.501982,0.070290,0.594853
921,0.371371,0.4214,3.7742,0.499027,0.071371,0.580163,-0.125162,0.189897,-1.610276,0.501982,0.070693,0.594853
922,0.371774,0.4718,1.3548,0.499649,0.071774,0.580051,-0.091081,0.157274,-1.611528,0.501982,0.071096,0.594853
923,0.372177,0.5222,-1.0645,0.500276,0.072177,0.579966,-0.057010,0.124639,-1.612255,0.501982,0.071500,0.594853
924,0.372581,0.5726,-3.4839,0.500906,0.072581,0.579907,-0.022951,0.091993,-1.612456,0.501982,0.071903,0.594853
925,0.372984,0.6230,-5.9032,0.501538,0.072984,0.579875,0.011092,0.059339,-1.612132,0.501982,0.072306,0.594853
926,0.373387,0.6734,-8.3226,0.502171,0.073387,0.579870,0.045116,0.026680,-1.611283,0.501982,0.072709,0.594853
927,0.373790,0.7238,-10.7419,0.502803,0.073790,0.579891,0.079119,-0.005982,-1.609910,0.501982,0.073113,0.594853
928,0.374194,0.7742,-10.8387,0.502828,0.074194,0.579892,0.080479,-0.007288,-1.609845,0.501982,0.073516,0.594853
929,0.374597,0.8246,-8.4194,0.502196,0.074597,0.579870,0.046477,0.025373,-1.611238,0.501982,0.073919,0.594853
930,0.375000,0.8750,-6.0000,0.501563,0.075000,0.579874,0.012453,0.058032,-1.612108,0.501982,0.074322,0.594853
931,0.375403,0.9254,-3.5806,0.500931,0.075403,0.579905,-0.021589,0.090687,-1.612453,0.501982,0.074725,0.594853
932,0.375806,0.9758,-1.1613,0.500301,0.075806,0.579963,-0.055647,0.123333,-1.612273,0.501982,0.075129,0.594853
933,0.376210,0.0262,1.2581,0.499674,0.076210,0.580047,-0.089718,0.155969,-1.611568,0.501982,0.075532,0.594853
934,0.376613,0.0766,3.6774,0.499051,0.076613,0.580158,-0.123799,0.188592,-1.610336,0.501982,0.075935,0.594853
935,0.377016,0.1270,6.0968,0.498434,0.077016,0.580295,-0.157887,0.221199,-1.608578,0.501982,0.076338,0.594853
936,0.377419,0.1774,8.5161,0.497822,0.077419,0.580457,-0.191979,0.253786,-1.606292,0.501982,0.076742,0.594853
937,0.377823,0.2278,10.9355,0.497218,0.077823,0.580646,-0.226072,0.286352,-1.603477,0.501982,0.077145,0.594853
938,0.378226,0.2782,10.6452,0.497290,0.078226,0.580622,-0.221981,0.282445,-1.603842,0.501982,0.077548,0.594853
939,0.378629,0.3286,8.2258,0.497895,0.078629,0.580436,-0.187888,0.249877,-1.606594,0.501982,0.077951,0.594853
940,0.379032,0.3790,5.8065,0.498508,0.079032,0.580277,-0.153796,0.217287,-1.608816,0.501982,0.078354,0.594853
941,0.379435,0.4294,3.3871,0.499126,0.079435,0.580143,-0.119709,0.184678,-1.610512,0.501982,0.078758,0.594853
942,0.379839,0.4798,0.9677,0.499749,0.079839,0.580036,-0.085629,0.152054,-1.611680,0.501982,0.079161,0.594853
943,0.380242,0.5302,-1.4516,0.500377,0.080242,0.579955,-0.051560,0.119416,-1.612322,0.501982,0.079564,0.594853
944,0.380645,0.5806,-3.8710,0.501007,0.080645,0.579900,-0.017503,0.086769,-1.612439,0.501982,0.079967,0.594853
945,0.381048,0.6310,-6.2903,0.501639,0.081048,0.579872,0.016537,0.054114,-1.612031,0.501982,0.080371,0.594853
946,0.381452,0.6815,-8.7097,0.502272,0.081452,0.579871,0.050558,0.021454,-1.611099,0.501982,0.080774,0.594853
947,0.381855,0.7319,-11.1290,0.502904,0.081855,0.579897,0.084558,-0.011207,-1.609642,0.501982,0.081177,0.594853
948,0.382258,0.7823,-10.4516,0.502727,0.082258,0.579887,0.075040,-0.002062,-1.610103,0.501982,0.081580,0.594853
949,0.382661,0.8327,-8.0323,0.502095,0.082661,0.579869,0.041034,0.030599,-1.611413,0.501982,0.081984,0.594853
950,0.383065,0.8831,-5.6129,0.501462,0.083065,0.579877,0.007007,0.063258,-1.612198,0.501982,0.082387,0.594853
951,0.383468,0.9335,-3.1935,0.500831,0.083468,0.579913,-0.027038,0.095911,-1.612459,0.501982,0.082790,0.594853
952,0.383871,0.9839,-0.7742,0.500201,0.083871,0.579975,-0.061098,0.128556,-1.612195,0.501982,0.083193,0.594853
953,0.384274,0.0343,1.6452,0.499574,0.084274,0.580063,-0.095171,0.161190,-1.611406,0.501982,0.083596,0.594853
954,0.384677,0.0847,4.0645,0.498952,0.084677,0.580178,-0.129253,0.193810,-1.610090,0.501982,0.084000,0.594853
955,0.385081,0.1351,6.4839,0.498335,0.085081,0.580319,-0.163341,0.226414,-1.608247,0.501982,0.084403,0.594853
956,0.385484,0.1855,8.9032,0.497725,0.085484,0.580486,-0.197434,0.258998,-1.605877,0.501982,0.084806,0.594853
957,0.385887,0.2359,11.3226,0.497122,0.085887,0.580678,-0.231527,0.291560,-1.602977,0.501982,0.085209,0.594853
958,0.386290,0.2863,10.2581,0.497387,0.086290,0.580590,-0.216526,0.277236,-1.604318,0.501982,0.085613,0.594853
959,0.386694,0.3367,7.8387,0.497993,0.086694,0.580409,-0.182433,0.244664,-1.606985,0.501982,0.086016,0.594853
960,0.387097,0.3871,5.4194,0.498606,0.087097,0.580254,-0.148342,0.212070,-1.609123,0.501982,0.086419,0.594853
961,0.387500,0.4375,3.0000,0.499225,0.087500,0.580124,-0.114256,0.179459,-1.610734,0.501982,0.086822,0.594853
962,0.387903,0.4879,0.5806,0.499850,0.087903,0.580021,-0.080177,0.146832,-1.611818,0.501982,0.087225,0.594853
963,0.388306,0.5383,-1.8387,0.500478,0.088306,0.579944,-0.046110,0.114193,-1.612376,0.501982,0.087629,0.594853
964,0.388710,0.5887,-4.2581,0.501108,0.088710,0.579894,-0.012056,0.081544,-1.612409,0.501982,0.088032,0.594853
965,0.389113,0.6391,-6.6774,0.501741,0.089113,0.579870,0.021982,0.048888,-1.611917,0.501982,0.088435,0.594853
966,0.389516,0.6895,-9.0968,0.502373,0.089516,0.579873,0.056000,0.016228,-1.610901,0.501982,0.088838,0.594853
967,0.389919,0.7399,-11.5161,0.503005,0.089919,0.579903,0.089995,-0.016433,-1.609360,0.501982,0.089242,0.594853
968,0.390323,0.7903,-10.0645,0.502626,0.090323,0.579882,0.069601,0.003164,-1.610348,0.501982,0.089645,0.594853
969,0.390726,0.8407,-7.6452,0.501994,0.090726,0.579868,0.035591,0.035825,-1.611574,0.501982,0.090048,0.594853
970,0.391129,0.8911,-5.2258,0.501361,0.091129,0.579881,0.001561,0.068482,-1.612275,0.501982,0.090451,0.594853
971,0.391532,0.9415,-2.8065,0.500730,0.091532,0.579921,-0.032486,0.101135,-1.612453,0.501982,0.090854,0.594853
972,0.391935,0.9919,-0.3871,0.500100,0.091935,0.579987,-0.066549,0.133778,-1.612104,0.501982,0.091258,0.594853
973,0.392339,0.0423,2.0323,0.499475,0.092339,0.580080,-0.100623,0.166410,-1.611231,0.501982,0.091661,0.594853
974,0.392742,0.0927,4.4516,0.498853,0.092742,0.580199,-0.134707,0.199028,-1.609831,0.501982,0.092064,0.594853
975,0.393145,0.1431,6.8710,0.498237,0.093145,0.580344,-0.168796,0.231629,-1.607904,0.501982,0.092467,0.594853
976,0.393548,0.1935,9.2903,0.497628,0.093548,0.580515,-0.202889,0.264210,-1.605448,0.501982,0.092871,0.594853
977,0.393952,0.2440,11.7097,0.497027,0.093952,0.580711,-0.236982,0.296768,-1.602464,0.501982,0.093274,0.594853
978,0.394355,0.2944,9.8710,0.497483,0.094355,0.580560,-0.211071,0.272026,-1.604780,0.501982,0.093677,0.594853
979,0.394758,0.3448,7.4516,0.498090,0.094758,0.580382,-0.176978,0.239450,-1.607362,0.501982,0.094080,0.594853
980,0.395161,0.3952,5.0323,0.498705,0.095161,0.580231,-0.142888,0.206854,-1.609416,0.501982,0.094484,0.594853
981,0.395565,0.4456,2.6129,0.499325,0.095565,0.580106,-0.108803,0.174240,-1.610943,0.501982,0.094887,0.594853
982,0.395968,0.4960,0.1935,0.499950,0.095968,0.580007,-0.074726,0.141611,-1.611943,0.501982,0.095290,0.594853
983,0.396371,0.5464,-2.2258,0.500578,0.096371,0.579934,-0.040660,0.108970,-1.612417,0.501982,0.095693,0.594853
984,0.396774,0.5968,-4.6452,0.501209,0.096774,0.579888,-0.006609,0.076320,-1.612366,0.501982,0.096096,0.594853
985,0.397177,0.6472,-7.0645,0.501842,0.097177,0.579869,0.027426,0.043663,-1.611790,0.501982,0.096500,0.594853
986,0.397581,0.6976,-9.4839,0.502474,0.097581,0.579876,0.061441,0.011002,-1.610690,0.501982,0.096903,0.594853
987,0.397984,0.7480,-11.9032,0.503106,0.097984,0.579911,0.095433,-0.021659,-1.609065,0.501982,0.097306,0.594853
988,0.398387,0.7984,-9.6774,0.502525,0.098387,0.579878,0.064161,0.008389,-1.610579,0.501982,0.097709,0.594853
989,0.398790,0.8488,-7.2581,0.501892,0.098790,0.579869,0.030148,0.041050,-1.611721,0.501982,0.098113,0.594853
990,0.399194,0.8992,-4.8387,0.501260,0.099194,0.579886,-0.003885,0.073707,-1.612339,0.501982,0.098516,0.594853
991,0.399597,0.9496,-2.4194,0.500629,0.099597,0.579930,-0.037935,0.106358,-1.612432,0.501982,0.098919,0.594853
992,0.400000,0.0000,0.0000,0.500000,0.100000,0.580000,-0.072000,0.139000,-1.612000,0.501982,0.099322,0.594853
993,0.400403,0.0504,2.4194,0.499375,0.100403,0.580097,-0.106076,0.171630,-1.611042,0.501982,0.099725,0.594853
994,0.400806,0.1008,4.8387,0.498754,0.100806,0.580220,-0.140161,0.204245,-1.609558,0.501982,0.100129,0.594853
995,0.401210,0.1512,7.2581,0.498139,0.101210,0.580369,-0.174251,0.236843,-1.607546,0.501982,0.100532,0.594853
996,0.401613,0.2016,9.6774,0.497531,0.101613,0.580545,-0.208344,0.269421,-1.605006,0.501982,0.100935,0.594853
997,0.402016,0.2520,11.9032,0.496979,0.102016,0.580728,-0.239709,0.299371,-1.602203,0.501982,0.101338,0.594853
998,0.402419,0.3024,9.4839,0.497580,0.102419,0.580530,-0.205616,0.266815,-1.605229,0.501982,0.101742,0.594853
999,0.402823,0.3528,7.0645,0.498188,0.102823,0.580357,-0.171523,0.234236,-1.607727,0.501982,0.102145,0.594853
1000,0.403226,0.4032,4.6452,0.498804,0.103226,0.580209,-0.137434,0.201637,-1.609696,0.501982,0.102548,0.594853
1001,0.403629,0.4536,2.2258,0.499425,0.103629,0.580088,-0.103350,0.169020,-1.611138,0.501982,0.102951,0.594853
1002,0.404032,0.5040,-0.1935,0.500050,0.104032,0.579993,-0.069274,0.136389,-1.612054,0.501982,0.103354,0.594853
1003,0.404435,0.5544,-2.6129,0.500679,0.104435,0.579925,-0.035211,0.103746,-1.612444,0.501982,0.103758,0.594853
1004,0.404839,0.6048,-5.0323,0.501310,0.104839,0.579883,-0.001162,0.071095,-1.612309,0.501982,0.104161,0.594853
1005,0.405242,0.6552,-7.4516,0.501943,0.105242,0.579868,0.032870,0.038437,-1.611649,0.501982,0.104564,0.594853
1006,0.405645,0.7056,-9.8710,0.502576,0.105645,0.579880,0.066881,0.005777,-1.610465,0.501982,0.104967,0.594853
1007,0.406048,0.7560,-11.7097,0.503056,0.106048,0.579907,0.092714,-0.019046,-1.609214,0.501982,0.105371,0.594853
1008,0.406452,0.8065,-9.2903,0.502424,0.106452,0.579875,0.058720,0.013615,-1.610797,0.501982,0.105774,0.594853
1009,0.406855,0.8569,-6.8710,0.501791,0.106855,0.579870,0.024704,0.046276,-1.611855,0.501982,0.106177,0.594853
1010,0.407258,0.9073,-4.4516,0.501159,0.107258,0.579891,-0.009332,0.078932,-1.612389,0.501982,0.106580,0.594853
1011,0.407661,0.9577,-2.0323,0.500528,0.107661,0.579939,-0.043385,0.111582,-1.612398,0.501982,0.106984,0.594853
1012,0.408065,0.0081,0.3871,0.499900,0.108065,0.580014,-0.077451,0.144222,-1.611882,0.501982,0.107387,0.594853
1013,0.408468,0.0585,2.8065,0.499275,0.108468,0.580115,-0.111529,0.176849,-1.610840,0.501982,0.107790,0.594853
1014,0.408871,0.1089,5.2258,0.498655,0.108871,0.580242,-0.145615,0.209462,-1.609271,0.501982,0.108193,0.594853
1015,0.409274,0.1593,7.6452,0.498042,0.109274,0.580396,-0.179705,0.242057,-1.607175,0.501982,0.108596,0.594853
1016,0.409677,0.2097,10.0645,0.497435,0.109677,0.580575,-0.213799,0.274631,-1.604551,0.501982,0.109000,0.594853
1017,0.410081,0.2601,11.5161,0.497075,0.110081,0.580695,-0.234254,0.294164,-1.602722,0.501982,0.109403,0.594853
1018,0.410484,0.3105,9.0968,0.497677,0.110484,0.580500,-0.200161,0.261604,-1.605664,0.501982,0.109806,0.594853
1019,0.410887,0.3609,6.6774,0.498286,0.110887,0.580331,-0.166069,0.229021,-1.608077,0.501982,0.110209,0.594853
1020,0.411290,0.4113,4.2581,0.498903,0.111290,0.580188,-0.131980,0.196419,-1.609962,0.501982,0.110613,0.594853
1021,0.411694,0.4617,1.8387,0.499524,0.111694,0.580071,-0.097897,0.163800,-1.611320,0.501982,0.111016,0.594853
1022,0.412097,0.5121,-0.5806,0.500151,0.112097,0.579981,-0.063823,0.131167,-1.612152,0.501982,0.111419,0.594853
1023,0.412500,0.5625,-3.0000,0.500780,0.112500,0.579917,-0.029762,0.098523,-1.612458,0.501982,0.111822,0.594853
1024,0.412903,0.6129,-5.4194,0.501412,0.112903,0.579879,0.004284,0.065870,-1.612239,0.501982,0.112225,0.594853
1025,0.413306,0.6633,-7.8387,0.502044,0.113306,0.579868,0.038313,0.033212,-1.611495,0.501982,0.112629,0.594853
1026,0.413710,0.7137,-10.2581,0.502677,0.113710,0.579884,0.072321,0.000551,-1.610227,0.501982,0.113032,0.594853
1027,0.414113,0.7641,-11.3226,0.502955,0.114113,0.579900,0.087277,-0.013820,-1.609503,0.501982,0.113435,0.594853
1028,0.414516,0.8145,-8.9032,0.502323,0.114516,0.579872,0.053279,0.018841,-1.611002,0.501982,0.113838,0.594853
1029,0.414919,0.8649,-6.4839,0.501690,0.114919,0.579871,0.019259,0.051501,-1.611976,0.501982,0.114242,0.594853
1030,0.415323,0.9153,-4.0645,0.501058,0.115323,0.579897,-0.014780,0.084156,-1.612426,0.501982,0.114645,0.594853
1031,0.415726,0.9657,-1.6452,0.500427,0.115726,0.579949,-0.048835,0.116805,-1.612351,0.501982,0.115048,0.594853
1032,0.416129,0.0161,0.7742,0.499799,0.116129,0.580028,-0.082903,0.149443,-1.611751,0.501982,0.115451,0.594853
1033,0.416532,0.0665,3.1935,0.499176,0.116532,0.580133,-0.116982,0.182069,-1.610624,0.501982,0.115854,0.594853
1034,0.416935,0.1169,5.6129,0.498557,0.116935,0.580265,-0.151069,0.214679,-1.608971,0.501982,0.116258,0.594853
1035,0.417339,0.1673,8.0323,0.497944,0.117339,0.580423,-0.185160,0.247270,-1.606791,0.501982,0.116661,0.594853
1036,0.417742,0.2177,10.4516,0.497338,0.117742,0.580606,-0.219253,0.279841,-1.604082,0.501982,0.117064,0.594853
1037,0.418145,0.2681,11.1290,0.497170,0.118145,0.580662,-0.228799,0.288956,-1.603229,0.501982,0.117467,0.594853
1038,0.418548,0.3185,8.7097,0.497774,0.118548,0.580471,-0.194706,0.256392,-1.606086,0.501982,0.117871,0.594853
1039,0.418952,0.3690,6.2903,0.498385,0.118952,0.580307,-0.160614,0.223806,-1.608414,0.501982,0.118274,0.594853
1040,0.419355,0.4194,3.8710,0.499002,0.119355,0.580168,-0.126526,0.191201,-1.610215,0.501982,0.118677,0.594853
1041,0.419758,0.4698,1.4516,0.499624,0.119758,0.580055,-0.092444,0.158580,-1.611488,0.501982,0.119080,0.594853
1042,0.420161,0.5202,-0.9677,0.500251,0.120161,0.579969,-0.058373,0.125945,-1.612236,0.501982,0.119484,0.594853
1043,0.420565,0.5706,-3.3871,0.500881,0.120565,0.579909,-0.024313,0.093299,-1.612458,0.501982,0.119887,0.594853
1044,0.420968,0.6210,-5.8065,0.501513,0.120968,0.579876,0.009730,0.060645,-1.612155,0.501982,0.120290,0.594853
1045,0.421371,0.6714,-8.2258,0.502145,0.121371,0.579869,0.043756,0.027986,-1.611327,0.501982,0.120693,0.594853
1046,0.421774,0.7218,-10.6452,0.502778,0.121774,0.579890,0.077760,-0.004675,-1.609975,0.501982,0.121096,0.594853
1047,0.422177,0.7722,-10.9355,0.502854,0.122177,0.579894,0.081839,-0.008595,-1.609778,0.501982,0.121500,0.594853
1048,0.422581,0.8226,-8.5161,0.502221,0.122581,0.579870,0.047837,0.024067,-1.611193,0.501982,0.121903,0.594853
1049,0.422984,0.8730,-6.0968,0.501589,0.122984,0.579874,0.013814,0.056726,-1.612083,0.501982,0.122306,0.594853
1050,0.423387,0.9234,-3.6774,0.500957,0.123387,0.579903,-0.020227,0.089381,-1.612449,0.501982,0.122709,0.594853
1051,0.423790,0.9738,-1.2581,0.500327,0.123790,0.579960,-0.054285,0.122028,-1.612290,0.501982,0.123113,0.594853
1052,0.424194,0.0242,1.1613,0.499699,0.124194,0.580043,-0.088355,0.154664,-1.611606,0.501982,0.123516,0.594853
1053,0.424597,0.0746,3.5806,0.499076,0.124597,0.580153,-0.122436,0.187287,-1.610395,0.501982,0.123919,0.594853
1054,0.425000,0.1250,6.0000,0.498458,0.125000,0.580289,-0.156523,0.219895,-1.608658,0.501982,0.124322,0.594853
1055,0.425403,0.1754,8.4194,0.497847,0.125403,0.580450,-0.190615,0.252483,-1.606393,0.501982,0.124725,0.594853
1056,0.425806,0.2258,10.8387,0.497242,0.125806,0.580638,-0.224708,0.285050,-1.603599,0.501982,0.125129,0.594853
1057,0.426210,0.2762,10.7419,0.497266,0.126210,0.580630,-0.223345,0.283748,-1.603721,0.501982,0.125532,0.594853
1058,0.426613,0.3266,8.3226,0.497871,0.126613,0.580443,-0.189251,0.251180,-1.606494,0.501982,0.125935,0.594853
1059,0.427016,0.3770,5.9032,0.498483,0.127016,0.580283,-0.155160,0.218591,-1.608738,0.501982,0.126338,0.594853
1060,0.427419,0.4274,3.4839,0.499101,0.127419,0.580148,-0.121072,0.185983,-1.610454,0.501982,0.126742,0.594853
1061,0.427823,0.4778,1.0645,0.499724,0.127823,0.580039,-0.086992,0.153359,-1.611643,0.501982,0.127145,0.594853
1062,0.428226,0.5282,-1.3548,0.500352,0.128226,0.579957,-0.052922,0.120722,-1.612307,0.501982,0.127548,0.594853
1063,0.428629,0.5786,-3.7742,0.500982,0.128629,0.579902,-0.018865,0.088075,-1.612445,0.501982,0.127951,0.594853
1064,0.429032,0.6290,-6.1935,0.501614,0.129032,0.579873,0.015176,0.055420,-1.612058,0.501982,0.128354,0.594853
1065,0.429435,0.6794,-8.6129,0.502247,0.129435,0.579871,0.049198,0.022760,-1.611146,0.501982,0.128758,0.594853
1066,0.429839,0.7298,-11.0323,0.502879,0.129839,0.579895,0.083198,-0.009901,-1.609710,0.501982,0.129161,0.594853
1067,0.430242,0.7802,-10.5484,0.502753,0.130242,0.579888,0.076400,-0.003369,-1.610039,0.501982,0.129564,0.594853
1068,0.430645,0.8306,-8.1290,0.502120,0.130645,0.579869,0.042395,0.029293,-1.611370,0.501982,0.129967,0.594853
1069,0.431048,0.8810,-5.7097,0.501488,0.131048,0.579877,0.008369,0.061951,-1.612177,0.501982,0.130371,0.594853
1070,0.431452,0.9315,-3.2903,0.500856,0.131452,0.579911,-0.025676,0.094605,-1.612459,0.501982,0.130774,0.594853
1071,0.431855,0.9819,-0.8710,0.500226,0.131855,0.579972,-0.059735,0.127250,-1.612216,0.501982,0.131177,0.594853
1072,0.432258,0.0323,1.5484,0.499599,0.132258,0.580059,-0.093808,0.159885,-1.611448,0.501982,0.131580,0.594853
1073,0.432661,0.0827,3.9677,0.498977,0.132661,0.580173,-0.127889,0.192506,-1.610153,0.501982,0.131984,0.594853
1074,0.433065,0.1331,6.3871,0.498360,0.133065,0.580313,-0.161978,0.225110,-1.608331,0.501982,0.132387,0.594853
1075,0.433468,0.1835,8.8065,0.497749,0.133468,0.580479,-0.196070,0.257695,-1.605982,0.501982,0.132790,0.594853
1076,0.433871,0.2339,11.2258,0.497146,0.133871,0.580670,-0.230163,0.290258,-1.603103,0.501982,0.133193,0.594853
1077,0.434274,0.2843,10.3548,0.497363,0.134274,0.580598,-0.217890,0.278538,-1.604201,0.501982,0.133596,0.594853
1078,0.434677,0.3347,7.9355,0.497968,0.134677,0.580416,-0.183797,0.245967,-1.606888,0.501982,0.134000,0.594853
1079,0.435081,0.3851,5.5161,0.498581,0.135081,0.580259,-0.149705,0.213375,-1.609048,0.501982,0.134403,0.594853
1080,0.435484,0.4355,3.0968,0.499200,0.135484,0.580129,-0.115619,0.180764,-1.610680,0.501982,0.134806,0.594853
1081,0.435887,0.4859,0.6774,0.499825,0.135887,0.580024,-0.081540,0.148138,-1.611785,0.501982,0.135209,0.594853
1082,0.436290,0.5363,-1.7419,0.500452,0.136290,0.579947,-0.047472,0.115499,-1.612364,0.501982,0.135613,0.594853
1083,0.436694,0.5867,-4.1613,0.501083,0.136694,0.579895,-0.013418,0.082850,-1.612418,0.501982,0.136016,0.594853
1084,0.437097,0.6371,-6.5806,0.501715,0.137097,0.579871,0.020621,0.050195,-1.611947,0.501982,0.136419,0.594853
1085,0.437500,0.6875,-9.0000,0.502348,0.137500,0.579873,0.054639,0.017535,-1.610952,0.501982,0.136822,0.594853
1086,0.437903,0.7379,-11.4194,0.502980,0.137903,0.579902,0.088636,-0.015127,-1.609432,0.501982,0.137225,0.594853
1087,0.438306,0.7883,-10.1613,0.502651,0.138306,0.579883,0.070961,0.001857,-1.610288,0.501982,0.137629,0.594853
1088,0.438710,0.8387,-7.7419,0.502019,0.138710,0.579868,0.036952,0.034518,-1.611535,0.501982,0.138032,0.594853
1089,0.439113,0.8891,-5.3226,0.501386,0.139113,0.579880,0.002923,0.067176,-1.612257,0.501982,0.138435,0.594853
1090,0.439516,0.9395,-2.9032,0.500755,0.139516,0.579919,-0.031124,0.099829,-1.612456,0.501982,0.138838,0.594853
1091,0.439919,0.9899,-0.4839,0.500126,0.139919,0.579984,-0.065186,0.132472,-1.612128,0.501982,0.139242,0.594853
1092,0.440323,0.0403,1.9355,0.499499,0.140323,0.580075,-0.099260,0.165105,-1.611276,0.501982,0.139645,0.594853
1093,0.440726,0.0907,4.3548,0.498878,0.140726,0.580193,-0.133343,0.197724,-1.609897,0.501982,0.140048,0.594853
1094,0.441129,0.1411,6.7742,0.498262,0.141129,0.580337,-0.167432,0.230325,-1.607991,0.501982,0.140451,0.594853
1095,0.441532,0.1915,9.1935,0.497652,0.141532,0.580507,-0.201525,0.262907,-1.605557,0.501982,0.140854,0.594853
1096,0.441935,0.2419,11.6129,0.497051,0.141935,0.580703,-0.235618,0.295466,-1.602594,0.501982,0.141258,0.594853
1097,0.442339,0.2923,9.9677,0.497459,0.142339,0.580567,-0.212435,0.273328,-1.604666,0.501982,0.141661,0.594853
1098,0.442742,0.3427,7.5484,0.498066,0.142742,0.580389,-0.178342,0.240754,-1.607269,0.501982,0.142064,0.594853
1099,0.443145,0.3931,5.1290,0.498680,0.143145,0.580237,-0.144251,0.208158,-1.609344,0.501982,0.142467,0.594853
1100,0.443548,0.4435,2.7097,0.499300,0.143548,0.580110,-0.110166,0.175545,-1.610892,0.501982,0.142871,0.594853
1101,0.443952,0.4940,0.2903,0.499925,0.143952,0.580010,-0.076089,0.142916,-1.611913,0.501982,0.143274,0.594853
1102,0.444355,0.5444,-2.1290,0.500553,0.144355,0.579937,-0.042022,0.110276,-1.612408,0.501982,0.143677,0.594853
1103,0.444758,0.5948,-4.5484,0.501184,0.144758,0.579890,-0.007970,0.077626,-1.612378,0.501982,0.144080,0.594853
1104,0.445161,0.6452,-6.9677,0.501816,0.145161,0.579869,0.026065,0.044969,-1.611823,0.501982,0.144484,0.594853
1105,0.445565,0.6956,-9.3871,0.502449,0.145565,0.579876,0.060080,0.012309,-1.610744,0.501982,0.144887,0.594853
1106,0.445968,0.7460,-11.8065,0.503081,0.145968,0.579909,0.094073,-0.020353,-1.609140,0.501982,0.145290,0.594853
1107,0.446371,0.7964,-9.7742,0.502550,0.146371,0.579879,0.065521,0.007083,-1.610522,0.501982,0.145693,0.594853
1108,0.446774,0.8468,-7.3548,0.501918,0.146774,0.579868,0.031509,0.039744,-1.611686,0.501982,0.146096,0.594853
1109,0.447177,0.8972,-4.9355,0.501285,0.147177,0.579885,-0.002523,0.072401,-1.612324,0.501982,0.146500,0.594853
1110,0.447581,0.9476,-2.5161,0.500654,0.147581,0.579927,-0.036573,0.105052,-1.612438,0.501982,0.146903,0.594853
1111,0.447984,0.9980,-0.0968,0.500025,0.147984,0.579997,-0.070637,0.137695,-1.612027,0.501982,0.147306,0.594853
1112,0.448387,0.0484,2.3226,0.499400,0.148387,0.580093,-0.104713,0.170325,-1.611091,0.501982,0.147709,0.594853
1113,0.448790,0.0988,4.7419,0.498779,0.148790,0.580215,-0.138797,0.202941,-1.609627,0.501982,0.148113,0.594853
1114,0.449194,0.1492,7.1613,0.498164,0.149194,0.580363,-0.172887,0.235540,-1.607637,0.501982,0.148516,0.594853
1115,0.449597,0.1996,9.5806,0.497556,0.149597,0.580537,-0.206980,0.268118,-1.605118,0.501982,0.148919,0.594853
1116,0.450000,0.2500,12.0000,0.496955,0.150000,0.580737,-0.241073,0.300673,-1.602070,0.501982,0.149322,0.594853
1117,0.450403,0.3004,9.5806,0.497556,0.150403,0.580537,-0.206980,0.268118,-1.605118,0.501982,0.149725,0.594853
1118,0.450806,0.3508,7.1613,0.498164,0.150806,0.580363,-0.172887,0.235540,-1.607637,0.501982,0.150129,0.594853
1119,0.451210,0.4012,4.7419,0.498779,0.151210,0.580215,-0.138797,0.202941,-1.609627,0.501982,0.150532,0.594853
1120,0.451613,0.4516,2.3226,0.499400,0.151613,0.580093,-0.104713,0.170325,-1.611091,0.501982,0.150935,0.594853
1121,0.452016,0.5020,-0.0968,0.500025,0.152016,0.579997,-0.070637,0.137695,-1.612027,0.501982,0.151338,0.594853
1122,0.452419,0.5524,-2.5161,0.500654,0.152419,0.579927,-0.036573,0.105052,-1.612438,0.501982,0.151742,0.594853
1123,0.452823,0.6028,-4.9355,0.501285,0.152823,0.579885,-0.002523,0.072401,-1.612324,0.501982,0.152145,0.594853
1124,0.453226,0.6532,-7.3548,0.501918,0.153226,0.579868,0.031509,0.039744,-1.611686,0.501982,0.152548,0.594853
1125,0.453629,0.7036,-9.7742,0.502550,0.153629,0.579879,0.065521,0.007083,-1.610522,0.501982,0.152951,0.594853
1126,0.454032,0.7540,-11.8065,0.503081,0.154032,0.579909,0.094073,-0.020353,-1.609140,0.501982,0.153354,0.594853
1127,0.454435,0.8044,-9.3871,0.502449,0.154435,0.579876,0.060080,0.012309,-1.610744,0.501982,0.153758,0.594853
1128,0.454839,0.8548,-6.9677,0.501816,0.154839,0.579869,0.026065,0.044969,-1.611823,0.501982,0.154161,0.594853
1129,0.455242,0.9052,-4.5484,0.501184,0.155242,0.579890,-0.007970,0.077626,-1.612378,0.501982,0.154564,0.594853
1130,0.455645,0.9556,-2.1290,0.500553,0.155645,0.579937,-0.042022,0.110276,-1.612408,0.501982,0.154967,0.594853
1131,0.456048,0.0060,0.2903,0.499925,0.156048,0.580010,-0.076089,0.142916,-1.611913,0.501982,0.155371,0.594853
1132,0.456452,0.0565,2.7097,0.499300,0.156452,0.580110,-0.110166,0.175545,-1.610892,0.501982,0.155774,0.594853
1133,0.456855,0.1069,5.1290,0.498680,0.156855,0.580237,-0.144251,0.208158,-1.609344,0.501982,0.156177,0.594853
1134,0.457258,0.1573,7.5484,0.498066,0.157258,0.580389,-0.178342,0.240754,-1.607269,0.501982,0.156580,0.594853
1135,0.457661,0.2077,9.9677,0.497459,0.157661,0.580567,-0.212435,0.273328,-1.604666,0.501982,0.156984,0.594853
1136,0.458065,0.2581,11.6129,0.497051,0.158065,0.580703,-0.235618,0.295466,-1.602594,0.501982,0.157387,0.594853
1137,0.458468,0.3085,9.1935,0.497652,0.158468,0.580507,-0.201525,0.262907,-1.605557,0.501982,0.157790,0.594853
1138,0.458871,0.3589,6.7742,0.498262,0.158871,0.580337,-0.167432,0.230325,-1.607991,0.501982,0.158193,0.594853
1139,0.459274,0.4093,4.3548,0.498878,0.159274,0.580193,-0.133343,0.197724,-1.609897,0.501982,0.158596,0.594853
1140,0.459677,0.4597,1.9355,0.499499,0.159677,0.580075,-0.099260,0.165105,-1.611276,0.501982,0.159000,0.594853
1141,0.460081,0.5101,-0.4839,0.500126,0.160081,0.579984,-0.065186,0.132472,-1.612128,0.501982,0.159403,0.594853
1142,0.460484,0.5605,-2.9032,0.500755,0.160484,0.579919,-0.031124,0.099829,-1.612456,0.501982,0.159806,0.594853
1143,0.460887,0.6109,-5.3226,0.501386,0.160887,0.579880,0.002923,0.067176,-1.612257,0.501982,0.160209,0.594853
1144,0.461290,0.6613,-7.7419,0.502019,0.161290,0.579868,0.036952,0.034518,-1.611535,0.501982,0.160613,0.594853
1145,0.461694,0.7117,-10.1613,0.502651,0.161694,0.579883,0.070961,0.001857,-1.610288,0.501982,0.161016,0.594853
1146,0.462097,0.7621,-11.4194,0.502980,0.162097,0.579902,0.088636,-0.015127,-1.609432,0.501982,0.161419,0.594853
1147,0.462500,0.8125,-9.0000,0.502348,0.162500,0.579873,0.054639,0.017535,-1.610952,0.501982,0.161822,0.594853
1148,0.462903,0.8629,-6.5806,0.501715,0.162903,0.579871,0.020621,0.050195,-1.611947,0.501982,0.162225,0.594853
1149,0.463306,0.9133,-4.1613,0.501083,0.163306,0.579895,-0.013418,0.082850,-1.612418,0.501982,0.162629,0.594853
1150,0.463710,0.9637,-1.7419,0.500452,0.163710,0.579947,-0.047472,0.115499,-1.612364,0.501982,0.163032,0.594853
1151,0.464113,0.0141,0.6774,0.499825,0.164113,0.580024,-0.081540,0.148138,-1.611785,0.501982,0.163435,0.594853
1152,0.464516,0.0645,3.0968,0.499200,0.164516,0.580129,-0.115619,0.180764,-1.610680,0.501982,0.163838,0.594853
1153,0.464919,0.1149,5.5161,0.498581,0.164919,0.580259,-0.149705,0.213375,-1.609048,0.501982,0.164242,0.594853
1154,0.465323,0.1653,7.9355,0.497968,0.165323,0.580416,-0.183797,0.245967,-1.606888,0.501982,0.164645,0.594853
1155,0.465726,0.2157,10.3548,0.497363,0.165726,0.580598,-0.217890,0.278538,-1.604201,0.501982,0.165048,0.594853
1156,0.466129,0.2661,11.2258,0.497146,0.166129,0.580670,-0.230163,0.290258,-1.603103,0.501982,0.165451,0.594853
1157,0.466532,0.3165,8.8065,0.497749,0.166532,0.580479,-0.196070,0.257695,-1.605982,0.501982,0.165854,0.594853
1158,0.466935,0.3669,6.3871,0.498360,0.166935,0.580313,-0.161978,0.225110,-1.608331,0.501982,0.166258,0.594853
1159,0.467339,0.4173,3.9677,0.498977,0.167339,0.580173,-0.127889,0.192506,-1.610153,0.501982,0.166661,0.594853
1160,0.467742,0.4677,1.5484,0.499599,0.167742,0.580059,-0.093808,0.159885,-1.611448,0.501982,0.167064,0.594853
1161,0.468145,0.5181,-0.8710,0.500226,0.168145,0.579972,-0.059735,0.127250,-1.612216,0.501982,0.167467,0.594853
1162,0.468548,0.5685,-3.2903,0.500856,0.168548,0.579911,-0.025676,0.094605,-1.612459,0.501982,0.167871,0.594853
1163,0.468952,0.6190,-5.7097,0.501488,0.168952,0.579877,0.008369,0.061951,-1.612177,0.501982,0.168274,0.594853
1164,0.469355,0.6694,-8.1290,0.502120,0.169355,0.579869,0.042395,0.029293,-1.611370,0.501982,0.168677,0.594853
1165,0.469758,0.7198,-10.5484,0.502753,0.169758,0.579888,0.076400,-0.003369,-1.610039,0.501982,0.169080,0.594853
1166,0.470161,0.7702,-11.0323,0.502879,0.170161,0.579895,0.083198,-0.009901,-1.609710,0.501982,0.169484,0.594853
1167,0.470565,0.8206,-8.6129,0.502247,0.170565,0.579871,0.049198,0.022760,-1.611146,0.501982,0.169887,0.594853
1168,0.470968,0.8710,-6.1935,0.501614,0.170968,0.579873,0.015176,0.055420,-1.612058,0.501982,0.170290,0.594853
1169,0.471371,0.9214,-3.7742,0.500982,0.171371,0.579902,-0.018865,0.088075,-1.612445,0.501982,0.170693,0.594853
1170,0.471774,0.9718,-1.3548,0.500352,0.171774,0.579957,-0.052922,0.120722,-1.612307,0.501982,0.171096,0.594853
1171,0.472177,0.0222,1.0645,0.499724,0.172177,0.580039,-0.086992,0.153359,-1.611643,0.501982,0.171500,0.594853
1172,0.472581,0.0726,3.4839,0.499101,0.172581,0.580148,-0.121072,0.185983,-1.610454,0.501982,0.171903,0.594853
1173,0.472984,0.1230,5.9032,0.498483,0.172984,0.580283,-0.155160,0.218591,-1.608738,0.501982,0.172306,0.594853
1174,0.473387,0.1734,8.3226,0.497871,0.173387,0.580443,-0.189251,0.251180,-1.606494,0.501982,0.172709,0.594853
1175,0.473790,0.2238,10.7419,0.497266,0.173790,0.580630,-0.223345,0.283748,-1.603721,0.501982,0.173113,0.594853
1176,0.474194,0.2742,10.8387,0.497242,0.174194,0.580638,-0.224708,0.285050,-1.603599,0.501982,0.173516,0.594853
1177,0.474597,0.3246,8.4194,0.497847,0.174597,0.580450,-0.190615,0.252483,-1.606393,0.501982,0.173919,0.594853
1178,0.475000,0.3750,6.0000,0.498458,0.175000,0.580289,-0.156523,0.219895,-1.608658,0.501982,0.174322,0.594853
1179,0.475403,0.4254,3.5806,0.499076,0.175403,0.580153,-0.122436,0.187287,-1.610395,0.501982,0.174725,0.594853
1180,0.475806,0.4758,1.1613,0.499699,0.175806,0.580043,-0.088355,0.154664,-1.611606,0.501982,0.175129,0.594853
1181,0.476210,0.5262,-1.2581,0.500327,0.176210,0.579960,-0.054285,0.122028,-1.612290,0.501982,0.175532,0.594853
1182,0.476613,0.5766,-3.6774,0.500957,0.176613,0.579903,-0.020227,0.089381,-1.612449,0.501982,0.175935,0.594853
1183,0.477016,0.6270,-6.0968,0.501589,0.177016,0.579874,0.013814,0.056726,-1.612083,0.501982,0.176338,0.594853
1184,0.477419,0.6774,-8.5161,0.502221,0.177419,0.579870,0.047837,0.024067,-1.611193,0.501982,0.176742,0.594853
1185,0.477823,0.7278,-10.9355,0.502854,0.177823,0.579894,0.081839,-0.008595,-1.609778,0.501982,0.177145,0.594853
1186,0.478226,0.7782,-10.6452,0.502778,0.178226,0.579890,0.077760,-0.004675,-1.609975,0.501982,0.177548,0.594853
1187,0.478629,0.8286,-8.2258,0.502145,0.178629,0.579869,0.043756,0.027986,-1.611327,0.501982,0.177951,0.594853
1188,0.479032,0.8790,-5.8065,0.501513,0.179032,0.579876,0.009730,0.060645,-1.612155,0.501982,0.178354,0.594853
1189,0.479435,0.9294,-3.3871,0.500881,0.179435,0.579909,-0.024313,0.093299,-1.612458,0.501982,0.178758,0.594853
1190,0.479839,0.9798,-0.9677,0.500251,0.179839,0.579969,-0.058373,0.125945,-1.612236,0.501982,0.179161,0.594853
1191,0.480242,0.0302,1.4516,0.499624,0.180242,0.580055,-0.092444,0.158580,-1.611488,0.501982,0.179564,0.594853
1192,0.480645,0.0806,3.8710,0.499002,0.180645,0.580168,-0.126526,0.191201,-1.610215,0.501982,0.179967,0.594853
1193,0.481048,0.1310,6.2903,0.498385,0.181048,0.580307,-0.160614,0.223806,-1.608414,0.501982,0.180371,0.594853
1194,0.481452,0.1815,8.7097,0.497774,0.181452,0.580471,-0.194706,0.256392,-1.606086,0.501982,0.180774,0.594853
1195,0.481855,0.2319,11.1290,0.497170,0.181855,0.580662,-0.228799,0.288956,-1.603229,0.501982,0.181177,0.594853
1196,0.482258,0.2823,10.4516,0.497338,0.182258,0.580606,-0.219253,0.279841,-1.604082,0.501982,0.181580,0.594853
1197,0.482661,0.3327,8.0323,0.497944,0.182661,0.580423,-0.185160,0.247270,-1.606791,0.501982,0.181984,0.594853
1198,0.483065,0.3831,5.6129,0.498557,0.183065,0.580265,-0.151069,0.214679,-1.608971,0.501982,0.182387,0.594853
1199,0.483468,0.4335,3.1935,0.499176,0.183468,0.580133,-0.116982,0.182069,-1.610624,0.501982,0.182790,0.594853
1200,0.483871,0.4839,0.7742,0.499799,0.183871,0.580028,-0.082903,0.149443,-1.611751,0.501982,0.183193,0.594853
1201,0.484274,0.5343,-1.6452,0.500427,0.184274,0.579949,-0.048835,0.116805,-1.612351,0.501982,0.183596,0.594853
1202,0.484677,0.5847,-4.0645,0.501058,0.184677,0.579897,-0.014780,0.084156,-1.612426,0.501982,0.184000,0.594853
1203,0.485081,0.6351,-6.4839,0.501690,0.185081,0.579871,0.019259,0.051501,-1.611976,0.501982,0.184403,0.594853
1204,0.485484,0.6855,-8.9032,0.502323,0.185484,0.579872,0.053279,0.018841,-1.611002,0.501982,0.184806,0.594853
1205,0.485887,0.7359,-11.3226,0.502955,0.185887,0.579900,0.087277,-0.013820,-1.609503,0.501982,0.185209,0.594853
1206,0.486290,0.7863,-10.2581,0.502677,0.186290,0.579884,0.072321,0.000551,-1.610227,0.501982,0.185613,0.594853
1207,0.486694,0.8367,-7.8387,0.502044,0.186694,0.579868,0.038313,0.033212,-1.611495,0.501982,0.186016,0.594853
1208,0.487097,0.8871,-5.4194,0.501412,0.187097,0.579879,0.004284,0.065870,-1.612239,0.501982,0.186419,0.594853
1209,0.487500,0.9375,-3.0000,0.500780,0.187500,0.579917,-0.029762,0.098523,-1.612458,0.501982,0.186822,0.594853
1210,0.487903,0.9879,-0.5806,0.500151,0.187903,0.579981,-0.063823,0.131167,-1.612152,0.501982,0.187225,0.594853
1211,0.488306,0.0383,1.8387,0.499524,0.188306,0.580071,-0.097897,0.163800,-1.611320,0.501982,0.187629,0.594853
1212,0.488710,0.0887,4.2581,0.498903,0.188710,0.580188,-0.131980,0.196419,-1.609962,0.501982,0.188032,0.594853
1213,0.489113,0.1391,6.6774,0.498286,0.189113,0.580331,-0.166069,0.229021,-1.608077,0.501982,0.188435,0.594853
1214,0.489516,0.1895,9.0968,0.497677,0.189516,0.580500,-0.200161,0.261604,-1.605664,0.501982,0.188838,0.594853
1215,0.489919,0.2399,11.5161,0.497075,0.189919,0.580695,-0.234254,0.294164,-1.602722,0.501982,0.189242,0.594853
1216,0.490323,0.2903,10.0645,0.497435,0.190323,0.580575,-0.213799,0.274631,-1.604551,0.501982,0.189645,0.594853
1217,0.490726,0.3407,7.6452,0.498042,0.190726,0.580396,-0.179705,0.242057,-1.607175,0.501982,0.190048,0.594853
1218,0.491129,0.3911,5.2258,0.498655,0.191129,0.580242,-0.145615,0.209462,-1.609271,0.501982,0.190451,0.594853
1219,0.491532,0.4415,2.8065,0.499275,0.191532,0.580115,-0.111529,0.176849,-1.610840,0.501982,0.190854,0.594853
1220,0.491935,0.4919,0.3871,0.499900,0.191935,0.580014,-0.077451,0.144222,-1.611882,0.501982,0.191258,0.594853
1221,0.492339,0.5423,-2.0323,0.500528,0.192339,0.579939,-0.043385,0.111582,-1.612398,0.501982,0.191661,0.594853
1222,0.492742,0.5927,-4.4516,0.501159,0.192742,0.579891,-0.009332,0.078932,-1.612389,0.501982,0.192064,0.594853
1223,0.493145,0.6431,-6.8710,0.501791,0.193145,0.579870,0.024704,0.046276,-1.611855,0.501982,0.192467,0.594853
1224,0.493548,0.6935,-9.2903,0.502424,0.193548,0.579875,0.058720,0.013615,-1.610797,0.501982,0.192871,0.594853
1225,0.493952,0.7440,-11.7097,0.503056,0.193952,0.579907,0.092714,-0.019046,-1.609214,0.501982,0.193274,0.594853
1226,0.494355,0.7944,-9.8710,0.502576,0.194355,0.579880,0.066881,0.005777,-1.610465,0.501982,0.193677,0.594853
1227,0.494758,0.8448,-7.4516,0.501943,0.194758,0.579868,0.032870,0.038437,-1.611649,0.501982,0.194080,0.594853
1228,0.495161,0.8952,-5.0323,0.501310,0.195161,0.579883,-0.001162,0.071095,-1.612309,0.501982,0.194484,0.594853
1229,0.495565,0.9456,-2.6129,0.500679,0.195565,0.579925,-0.035211,0.103746,-1.612444,0.501982,0.194887,0.594853
1230,0.495968,0.9960,-0.1935,0.500050,0.195968,0.579993,-0.069274,0.136389,-1.612054,0.501982,0.195290,0.594853
1231,0.496371,0.0464,2.2258,0.499425,0.196371,0.580088,-0.103350,0.169020,-1.611138,0.501982,0.195693,0.594853
1232,0.496774,0.0968,4.6452,0.498804,0.196774,0.580209,-0.137434,0.201637,-1.609696,0.501982,0.196096,0.594853
1233,0.497177,0.1472,7.0645,0.498188,0.197177,0.580357,-0.171523,0.234236,-1.607727,0.501982,0.196500,0.594853
1234,0.497581,0.1976,9.4839,0.497580,0.197581,0.580530,-0.205616,0.266815,-1.605229,0.501982,0.196903,0.594853
1235,0.497984,0.2480,11.9032,0.496979,0.197984,0.580728,-0.239709,0.299371,-1.602203,0.501982,0.197306,0.594853
1236,0.498387,0.2984,9.6774,0.497531,0.198387,0.580545,-0.208344,0.269421,-1.605006,0.501982,0.197709,0.594853
1237,0.498790,0.3488,7.2581,0.498139,0.198790,0.580369,-0.174251,0.236843,-1.607546,0.501982,0.198113,0.594853
1238,0.499194,0.3992,4.8387,0.498754,0.199194,0.580220,-0.140161,0.204245,-1.609558,0.501982,0.198516,0.594853
1239,0.499597,0.4496,2.4194,0.499375,0.199597,0.580097,-0.106076,0.171630,-1.611042,0.501982,0.198919,0.594853
1240,0.500000,0.5000,0.0000,0.500000,0.200000,0.580000,-0.072000,0.139000,-1.612000,0.501982,0.199322,0.594853
